	Date	Temp High	Temp Avg	Temp Low	Dew Point High	Dew Point Avg	Dew Point Low	Humidity High	Humidity Avg	Humidity Low	Pressure High	Pressure Avg	Pressure Low	Precipitation (in.)
0	1/1/2015	41	38	35	41	38	32	100	96	73	30.38	30.25	30.14	0.72
1	1/2/2015	44	42	40	44	42	40	100	99	97	30.17	30.08	29.95	0.17
2	1/3/2015	51	45	39	44	41	38	100	93	73	30.13	30.0	29.89	1.19
3	1/4/2015	46	38	31	39	31	24	99	74	48	30.68	30.45	30.13	0.0
4	1/5/2015	50	38	26	30	25	22	84	64	36	30.7	30.59	30.43	0.0
5	1/6/2015	64	48	33	36	32	27	86	58	28	30.47	30.39	30.33	0.0
6	1/7/2015	54	42	28	43	30	12	90	62	44	30.77	30.55	30.34	0.0
7	1/8/2015	36	28	21	30	14	8	82	52	37	30.76	30.55	30.33	0.0
8	1/9/2015	35	34	33	34	31	29	97	86	76	30.55	30.47	30.36	0.05
9	1/10/2015	37	36	34	34	29	23	97	80	60	30.53	30.44	30.3	0.01
10	1/11/2015	43	38	33	42	38	33	100	98	95	30.31	30.2	30.12	1.92
11	1/12/2015	45	43	41	44	41	38	100	93	79	30.41	30.3	30.18	0.0
12	1/13/2015	41	38	36	39	36	34	97	87	79	30.46	30.4	30.36	0.0
13	1/14/2015	43	40	38	36	34	32	88	76	66	30.39	30.33	30.26	0.0
14	1/15/2015	54	44	35	36	34	29	92	71	43	30.37	30.32	30.27	0.0
15	1/16/2015	59	45	31	39	35	31	97	71	39	30.39	30.3	30.19	0.0
16	1/17/2015	65	50	36	46	40	34	94	67	46	30.23	30.13	30.03	0.0
17	1/18/2015	68	54	40	36	32	22	72	46	17	30.37	30.28	30.19	0.0
18	1/19/2015	71	53	35	54	43	31	96	69	40	30.19	30.07	29.95	0.0
19	1/20/2015	71	62	52	55	52	47	100	82	44	30.04	29.96	29.9	0.0
20	1/21/2015	60	54	47	54	50	45	100	88	69	30.17	30.09	30.05	0.06
21	1/22/2015	50	46	41	47	44	39	99	96	87	30.22	30.1	30.01	2.16
22	1/23/2015	47	42	37	40	38	34	99	88	70	30.26	30.21	30.15	0.07
23	1/24/2015	59	46	33	38	35	32	96	68	36	30.26	30.18	30.07	0.0
24	1/25/2015	68	54	41	42	34	24	81	51	25	30.2	30.08	30.0	0.0
25	1/26/2015	68	52	37	43	35	29	78	52	31	30.29	30.2	30.14	0.0
26	1/27/2015	78	62	47	46	42	38	83	53	27	30.2	30.15	30.11	0.0
27	1/28/2015	78	61	44	57	45	42	94	59	27	30.2	30.14	30.1	0.0
28	1/29/2015	73	64	53	58	52	37	98	71	44	30.39	30.24	30.14	0.0
29	1/30/2015	59	52	44	36	35	34	68	56	39	30.48	30.38	30.3	0.0
30	1/31/2015	63	52	40	58	45	34	97	77	59	30.29	30.12	29.95	0.03
31	2/1/2015	73	58	41	63	53	30	99	77	56	30.27	30.0	29.9	0.03
32	2/2/2015	45	38	30	33	25	20	80	60	42	30.43	30.35	30.28	0.0
33	2/3/2015	44	40	36	41	34	29	97	81	60	30.36	30.3	30.23	0.04
34	2/4/2015	53	47	41	52	46	40	99	95	85	30.22	30.14	30.06	0.03
35	2/5/2015	50	42	35	50	38	33	100	91	81	30.45	30.37	30.22	0.01
36	2/6/2015	56	46	36	45	39	34	93	80	56	30.46	30.36	30.25	0.0
37	2/7/2015	68	56	44	51	48	44	100	78	52	30.24	30.11	29.99	0.0
38	2/8/2015	71	62	54	58	56	52	97	84	63	30.0	29.93	29.87	0.0
39	2/9/2015	80	64	47	55	45	36	100	61	22	30.13	30.06	30.0	0.03
40	2/10/2015	77	60	42	54	43	37	92	56	31	30.1	30.02	29.95	0.0
41	2/11/2015	74	64	54	57	53	49	99	76	42	30.23	30.07	29.98	0.0
42	2/12/2015	61	52	42	49	36	32	78	58	43	30.42	30.34	30.23	0.0
43	2/13/2015	64	50	37	45	37	32	80	60	39	30.38	30.32	30.23	0.0
44	2/14/2015	77	62	48	52	48	40	98	66	27	30.29	30.22	30.14	0.0
45	2/15/2015	65	60	54	62	58	52	96	88	77	30.17	30.07	29.92	0.0
46	2/16/2015	65	50	34	62	42	30	97	90	82	30.2	30.02	29.85	0.36
47	2/17/2015	50	40	31	32	28	23	87	71	43	30.3	30.23	30.13	0.0
48	2/18/2015	61	45	29	36	32	28	96	63	32	30.39	30.32	30.27	0.0
49	2/19/2015	66	50	34	48	40	29	91	68	47	30.41	30.29	30.12	0.0
50	2/20/2015	72	61	50	61	57	48	94	82	64	30.12	29.96	29.82	0.0
51	2/21/2015	74	64	55	62	58	47	88	77	63	30.03	29.9	29.83	0.0
52	2/22/2015	56	48	41	54	48	39	99	90	74	30.37	30.12	29.98	0.12
53	2/23/2015	39	35	31	38	33	29	99	96	90	30.47	30.41	30.37	0.01
54	2/24/2015	36	32	29	34	31	29	98	92	80	30.38	30.23	30.01	0.0
55	2/25/2015	48	40	33	36	34	32	99	86	57	30.04	29.93	29.85	0.0
56	2/26/2015	47	38	29	35	31	25	99	79	57	30.39	30.18	29.92	0.0
57	2/27/2015	40	36	33	27	26	23	73	66	58	30.46	30.38	30.32	0.0
58	2/28/2015	47	41	35	40	33	27	95	73	60	30.38	30.31	30.25	0.0
59	3/1/2015	43	40	37	43	40	37	100	99	96	30.33	30.28	30.24	0.05
60	3/2/2015	45	42	39	45	42	40	100	99	97	30.36	30.27	30.17	0.04
61	3/3/2015	76	60	44	66	56	45	100	92	68	30.16	29.97	29.84	0.01
62	3/4/2015	75	54	33	69	57	32	100	93	72	30.19	29.92	29.8	0.06
63	3/5/2015	44	37	30	32	29	24	96	78	50	30.61	30.46	30.2	0.13
64	3/6/2015	54	40	25	29	24	18	93	59	28	30.64	30.55	30.47	0.0
65	3/7/2015	56	44	31	37	30	26	90	60	32	30.52	30.42	30.33	0.0
66	3/8/2015	52	47	42	48	44	33	100	92	49	30.33	30.2	30.08	0.67
67	3/9/2015	52	50	48	52	50	48	100	100	99	30.09	29.95	29.85	2.99
68	3/10/2015	55	52	49	51	50	49	100	94	85	30.16	30.05	29.94	0.01
69	3/11/2015	59	55	51	52	51	49	95	85	73	30.25	30.2	30.15	0.0
70	3/12/2015	62	57	52	56	53	51	96	89	79	30.2	30.09	30.01	0.0
71	3/13/2015	68	60	54	57	56	54	100	89	67	30.05	29.99	29.96	0.12
72	3/14/2015	71	62	52	55	53	50	100	79	50	30.2	30.1	30.04	0.0
73	3/15/2015	67	58	50	55	53	50	95	85	64	30.31	30.26	30.19	0.0
74	3/16/2015	77	63	49	59	55	49	99	76	50	30.3	30.23	30.15	0.0
75	3/17/2015	79	70	63	64	62	59	91	79	60	30.22	30.13	30.06	0.0
76	3/18/2015	79	70	61	65	62	59	97	80	53	30.08	30.01	29.92	0.12
77	3/19/2015	80	70	59	68	64	60	100	86	62	30.02	29.98	29.92	0.0
78	3/20/2015	72	65	59	70	64	58	100	96	86	30.14	30.08	30.0	0.36
79	3/21/2015	61	59	57	61	59	57	100	99	97	30.14	30.07	29.97	0.72
80	3/22/2015	68	62	56	60	58	55	100	89	67	30.1	30.03	29.98	0.0
81	3/23/2015	77	64	51	57	54	51	100	78	44	30.17	30.08	30.02	0.0
82	3/24/2015	79	68	57	63	60	54	100	79	56	30.07	30.0	29.92	0.0
83	3/25/2015	81	71	61	62	61	59	97	75	49	30.01	29.95	29.87	0.0
84	3/26/2015	66	59	52	64	50	37	100	71	43	30.16	30.03	29.87	0.09
85	3/27/2015	77	60	43	45	41	36	86	53	27	30.2	30.15	30.1	0.0
86	3/28/2015	80	64	47	47	44	42	84	50	27	30.18	30.11	30.03	0.0
87	3/29/2015	82	66	50	63	56	45	100	70	40	30.16	30.1	30.04	0.0
88	3/30/2015	80	68	57	67	63	58	100	80	55	30.21	30.14	30.07	0.0
89	3/31/2015	80	71	63	67	62	61	97	77	54	30.12	30.04	29.94	0.0
90	4/1/2015	80	72	65	68	66	65	97	88	66	30.01	29.96	29.9	0.24
91	4/2/2015	81	74	66	70	67	64	98	83	65	29.99	29.94	29.9	0.0
92	4/3/2015	83	74	66	70	65	50	93	78	56	30.19	30.01	29.93	0.0
93	4/4/2015	71	62	54	56	48	45	83	60	43	30.35	30.25	30.17	0.0
94	4/5/2015	63	58	54	63	54	46	100	87	54	30.21	30.04	29.94	0.0
95	4/6/2015	82	72	63	68	66	63	100	81	59	30.02	29.97	29.93	0.0
96	4/7/2015	84	75	66	68	66	63	99	77	54	30.06	30.0	29.93	0.0
97	4/8/2015	80	74	69	70	68	66	95	82	64	30.02	29.96	29.9	0.0
98	4/9/2015	84	76	70	72	69	65	93	80	67	29.98	29.89	29.8	0.0
99	4/10/2015	71	64	56	69	56	49	98	77	62	30.2	30.09	29.97	0.0
100	4/11/2015	76	66	56	68	62	54	100	92	71	30.14	30.07	29.99	0.16
101	4/12/2015	81	73	65	72	69	66	100	92	67	30.01	29.93	29.84	0.02
102	4/13/2015	82	72	64	71	67	65	100	85	60	29.98	29.9	29.8	0.83
103	4/14/2015	68	62	56	65	60	55	100	90	69	30.12	30.03	29.99	0.0
104	4/15/2015	78	64	51	63	56	51	100	78	49	30.07	30.0	29.92	0.0
105	4/16/2015	82	72	62	68	65	62	100	89	61	30.0	29.95	29.84	2.5
106	4/17/2015	78	70	63	70	66	63	100	92	70	30.01	29.95	29.86	0.31
107	4/18/2015	77	68	60	68	67	59	100	91	71	29.94	29.86	29.75	0.39
108	4/19/2015	83	70	57	71	61	53	100	79	44	29.9	29.8	29.73	0.1
109	4/20/2015	71	60	50	58	47	41	89	60	37	30.05	29.98	29.9	0.0
110	4/21/2015	77	64	51	60	53	48	93	66	44	30.06	29.99	29.92	0.0
111	4/22/2015	81	70	59	69	65	58	98	83	65	29.97	29.92	29.82	0.0
112	4/23/2015	84	75	66	74	71	66	100	89	69	29.96	29.9	29.85	0.0
113	4/24/2015	83	76	68	78	72	68	100	89	74	29.97	29.82	29.69	0.52
114	4/25/2015	88	78	69	73	68	55	100	75	32	29.81	29.75	29.69	0.08
115	4/26/2015	84	76	67	72	69	66	100	86	63	29.84	29.69	29.59	0.0
116	4/27/2015	83	72	62	73	67	61	99	87	64	29.83	29.69	29.59	1.19
117	4/28/2015	63	58	52	64	56	50	100	92	79	30.1	29.96	29.82	0.01
118	4/29/2015	73	60	48	53	50	47	99	70	41	30.1	30.04	29.96	0.0
119	4/30/2015	78	65	52	58	52	48	97	64	36	30.05	30.0	29.95	0.0
120	5/1/2015	80	66	54	60	56	53	97	69	42	30.11	30.05	29.99	0.0
121	5/2/2015	81	68	55	59	56	54	98	65	41	30.12	30.06	29.99	0.0
122	5/3/2015	82	68	55	63	59	55	99	72	46	30.09	30.03	29.98	0.0
123	5/4/2015	82	70	59	66	61	56	100	72	44	30.14	30.07	30.02	0.0
124	5/5/2015	83	70	59	72	66	58	100	87	59	30.06	30.0	29.94	0.17
125	5/6/2015	83	75	67	73	70	66	100	89	67	30.0	29.95	29.88	0.16
126	5/7/2015	82	76	69	72	71	70	100	85	68	29.97	29.92	29.86	0.0
127	5/8/2015	84	78	73	75	73	70	97	87	73	29.97	29.92	29.84	0.0
128	5/9/2015	86	79	72	74	72	69	99	83	60	29.92	29.88	29.82	0.02
129	5/10/2015	86	80	75	75	73	70	92	81	63	29.93	29.86	29.81	0.0
130	5/11/2015	77	72	66	75	69	66	100	96	85	30.16	30.01	29.88	1.4
131	5/12/2015	70	68	65	70	67	65	100	98	94	30.22	30.16	30.11	0.37
132	5/13/2015	74	70	65	73	68	65	100	98	91	30.15	30.1	30.05	0.37
133	5/14/2015	84	74	65	75	71	66	100	94	69	30.11	30.06	30.0	0.04
134	5/15/2015	75	72	68	73	71	67	100	96	87	30.06	29.98	29.84	0.34
135	5/16/2015	86	76	68	75	72	68	100	85	61	29.96	29.89	29.83	0.02
136	5/17/2015	78	73	68	74	71	68	100	92	74	30.07	29.97	29.85	0.62
137	5/18/2015	83	76	69	76	72	68	100	91	75	30.12	30.07	30.01	0.85
138	5/19/2015	85	78	70	75	72	70	100	87	65	30.09	30.03	29.92	0.0
139	5/20/2015	88	80	71	75	73	71	100	84	59	30.03	29.97	29.91	0.0
140	5/21/2015	76	70	63	74	66	61	100	94	80	30.15	30.09	30.0	0.0
141	5/22/2015	79	70	62	70	66	63	100	92	72	30.17	30.12	30.08	0.01
142	5/23/2015	86	77	69	74	72	65	99	88	62	30.14	30.07	29.96	0.05
143	5/24/2015	80	72	65	71	68	65	100	90	70	30.01	29.92	29.87	0.66
144	5/25/2015	83	73	64	76	70	64	100	92	73	29.96	29.9	29.8	2.74
145	5/26/2015	87	75	64	75	70	64	100	85	66	30.03	29.99	29.91	0.04
146	5/27/2015	87	75	63	74	70	63	100	86	62	30.11	30.07	30.02	0.72
147	5/28/2015	87	78	69	75	72	66	100	85	55	30.12	30.04	29.93	0.0
148	5/29/2015	86	76	65	74	69	65	100	82	53	30.0	29.96	29.86	0.19
149	5/30/2015	87	78	69	73	70	67	100	81	58	30.1	30.03	29.98	0.0
150	5/31/2015	83	73	64	68	64	59	100	73	45	30.13	30.07	30.02	0.0
151	6/1/2015	86	74	62	69	65	62	100	77	48	30.12	30.06	30.01	0.0
152	6/2/2015	87	76	65	69	67	64	99	74	47	30.08	30.01	29.93	0.0
153	6/3/2015	88	77	66	70	68	66	98	74	50	29.98	29.94	29.9	0.0
154	6/4/2015	88	78	67	71	68	66	99	73	47	30.03	29.98	29.93	0.0
155	6/5/2015	90	78	68	73	70	68	99	76	49	30.09	30.02	29.98	0.0
156	6/6/2015	91	80	69	72	70	67	97	73	46	30.05	30.0	29.94	0.0
157	6/7/2015	91	80	70	72	70	68	96	72	47	30.01	29.97	29.93	0.0
158	6/8/2015	91	80	70	73	69	67	96	71	44	30.03	29.98	29.93	0.0
159	6/9/2015	92	82	71	72	70	66	96	70	44	29.99	29.93	29.84	0.0
160	6/10/2015	92	82	72	73	71	70	96	73	50	29.92	29.87	29.8	0.0
161	6/11/2015	93	82	70	75	72	69	100	73	49	29.9	29.85	29.79	0.0
162	6/12/2015	93	82	71	76	73	70	100	77	49	29.9	29.87	29.82	0.0
163	6/13/2015	90	80	72	76	74	72	100	82	61	29.94	29.89	29.84	0.0
164	6/14/2015	88	80	73	77	74	73	100	91	67	29.97	29.93	29.89	0.24
165	6/15/2015	88	80	72	76	74	72	100	88	61	29.99	29.95	29.9	0.03
166	6/16/2015	80	76	73	76	74	73	100	96	80	29.98	29.93	29.87	0.62
167	6/17/2015	84	78	74	75	74	72	95	86	74	29.97	29.9	29.8	0.0
168	6/18/2015	84	78	72	77	74	69	100	92	67	30.06	29.98	29.92	0.32
169	6/19/2015	86	80	74	77	76	74	100	87	68	30.08	30.03	29.99	0.0
170	6/20/2015	88	80	71	76	75	71	100	87	62	30.09	30.05	30.02	0.19
171	6/21/2015	90	81	72	79	75	72	100	85	60	30.11	30.07	30.03	0.19
172	6/22/2015	90	82	75	77	75	71	100	79	55	30.14	30.1	30.07	0.0
173	6/23/2015	91	82	73	78	75	73	100	82	56	30.19	30.14	30.08	0.0
174	6/24/2015	81	75	71	75	73	71	100	94	82	30.19	30.16	30.13	0.0
175	6/26/2015	92	86	80	76	74	72	83	65	52	30.07	29.99	29.93	0.0
176	6/27/2015	89	80	71	77	74	72	100	84	57	30.07	30.02	29.97	0.14
177	6/28/2015	88	80	73	77	75	72	100	87	64	30.07	30.02	29.98	0.09
178	6/29/2015	91	82	74	76	75	73	100	81	56	30.07	30.01	29.95	0.0
179	6/30/2015	91	81	71	77	75	70	100	88	54	30.1	30.04	29.98	0.53
180	7/1/2015	87	78	70	77	73	70	100	89	64	30.1	30.05	30.01	0.17
181	7/2/2015	90	84	77	74	73	71	87	67	54	30.03	29.98	29.95	0.0
182	7/3/2015	90	82	74	77	75	72	100	81	56	30.03	29.99	29.95	0.0
183	7/4/2015	91	83	75	77	75	72	100	81	57	30.05	30.0	29.95	0.0
184	7/5/2015	91	83	76	78	75	72	100	78	58	30.09	30.04	29.97	0.0
185	7/6/2015	91	84	77	77	75	71	98	79	53	30.1	30.04	29.93	0.0
186	7/7/2015	91	83	76	77	75	73	100	81	60	30.04	30.01	29.96	0.0
187	7/8/2015	91	84	77	77	73	69	96	75	52	30.07	30.03	29.99	0.0
188	7/9/2015	92	82	74	76	74	70	100	75	51	30.12	30.07	30.01	0.0
189	7/10/2015	91	81	71	77	72	68	100	75	49	30.16	30.1	30.05	0.0
190	7/11/2015	93	82	72	75	73	70	100	73	47	30.18	30.13	30.09	0.0
191	7/12/2015	93	83	73	76	73	70	100	74	49	30.15	30.09	30.01	0.0
192	7/13/2015	93	84	74	76	74	71	99	75	52	30.03	29.96	29.87	0.0
193	7/14/2015	93	84	74	74	72	69	99	71	45	29.96	29.91	29.85	0.0
194	7/15/2015	93	83	73	76	73	70	100	73	47	30.01	29.94	29.89	0.0
195	7/16/2015	94	84	74	76	74	70	100	74	47	30.03	29.98	29.92	0.0
196	7/17/2015	96	85	75	77	74	71	100	73	47	30.03	29.97	29.9	0.0
197	7/18/2015	96	86	76	77	74	71	99	71	45	30.06	30.0	29.95	0.0
198	7/19/2015	96	84	74	77	74	71	100	73	46	30.08	30.01	29.95	0.0
199	7/20/2015	95	85	75	76	73	70	100	70	44	30.01	29.96	29.88	0.0
200	7/21/2015	96	84	74	76	73	69	99	70	44	29.96	29.91	29.84	0.0
201	7/22/2015	97	86	75	77	73	70	100	69	43	29.97	29.92	29.87	0.0
202	7/23/2015	98	86	74	76	72	67	98	68	40	30.05	29.99	29.94	0.0
203	7/24/2015	97	85	73	77	73	69	100	72	41	30.09	30.02	29.95	0.0
204	7/25/2015	95	84	74	76	73	69	100	70	42	30.04	29.97	29.9	0.0
205	7/26/2015	96	86	75	77	73	68	100	69	41	29.98	29.93	29.88	0.0
206	7/27/2015	97	86	76	77	73	68	100	69	41	30.0	29.94	29.88	0.0
207	7/28/2015	98	86	75	77	72	67	99	66	36	30.02	29.97	29.93	0.0
208	7/29/2015	99	86	74	76	71	65	100	65	34	30.09	30.03	29.98	0.0
209	7/30/2015	101	88	75	74	71	67	94	60	33	30.1	30.04	29.97	0.0
210	7/31/2015	99	86	75	76	70	58	94	61	29	30.07	30.02	29.93	0.0
211	8/1/2015	97	82	68	67	63	60	82	52	29	30.06	29.98	29.91	0.0
212	8/2/2015	98	82	66	68	61	52	89	51	22	29.98	29.92	29.85	0.0
213	8/3/2015	99	83	68	73	67	61	95	59	30	29.95	29.91	29.87	0.0
214	8/4/2015	97	84	71	76	72	69	98	67	39	30.01	29.95	29.91	0.0
215	8/5/2015	99	88	76	77	72	66	98	65	35	30.03	29.97	29.9	0.0
216	8/6/2015	100	88	77	76	72	65	95	64	32	30.0	29.93	29.85	0.0
217	8/7/2015	99	88	76	76	73	68	96	64	38	29.97	29.91	29.84	0.0
218	8/8/2015	100	88	76	76	73	68	98	65	37	29.98	29.92	29.86	0.0
219	8/9/2015	102	88	74	76	70	59	99	63	25	29.99	29.95	29.89	0.0
220	8/10/2015	102	88	75	75	70	57	96	65	24	30.0	29.94	29.87	0.0
221	8/11/2015	104	89	74	73	69	65	81	57	33	30.06	29.99	29.93	0.0
222	8/12/2015	102	88	73	73	71	68	92	62	35	30.1	30.02	29.94	0.0
223	8/13/2015	101	88	75	75	71	64	95	63	34	30.05	29.99	29.92	0.0
224	8/14/2015	100	86	73	76	69	60	99	62	31	30.07	30.01	29.93	0.0
225	8/15/2015	98	85	72	70	64	56	78	52	25	30.05	30.0	29.91	0.0
226	8/16/2015	96	83	70	73	69	64	95	68	35	30.03	29.98	29.91	0.01
227	8/17/2015	96	82	69	72	69	66	99	71	39	30.01	29.96	29.88	0.0
228	8/18/2015	99	87	75	75	71	66	97	66	34	29.96	29.87	29.77	0.0
229	8/19/2015	98	87	77	77	73	68	97	73	39	29.93	29.85	29.8	0.0
230	8/20/2015	82	76	71	74	71	67	95	85	62	30.03	29.96	29.91	0.0
231	8/21/2015	88	79	70	76	71	68	99	84	54	30.03	29.98	29.93	0.26
232	8/22/2015	97	86	74	78	74	68	99	73	38	30.0	29.95	29.89	0.0
233	8/23/2015	99	88	77	77	74	68	98	70	36	30.07	30.01	29.95	0.0
234	8/24/2015	100	88	76	77	72	66	97	65	34	30.11	30.04	29.97	0.0
235	8/25/2015	94	84	73	74	71	66	92	68	40	30.11	30.05	30.01	0.0
236	8/26/2015	95	82	69	72	67	60	98	66	31	30.16	30.1	30.04	0.0
237	8/27/2015	95	79	64	70	64	57	98	64	29	30.11	30.06	29.98	0.0
238	8/28/2015	95	80	65	67	64	61	95	60	33	30.05	30.0	29.94	0.0
239	8/29/2015	94	82	70	68	66	64	91	62	38	30.08	30.02	29.97	0.0
240	8/30/2015	92	82	72	70	67	63	87	65	40	30.07	30.01	29.97	0.0
241	8/31/2015	93	80	68	73	69	64	99	71	40	30.07	30.01	29.98	0.0
242	9/1/2015	90	79	68	75	70	68	99	79	50	30.07	30.04	30.0	0.41
243	9/2/2015	91	78	67	72	69	67	100	78	47	30.08	30.03	29.95	0.0
244	9/3/2015	95	82	69	74	71	68	100	77	42	30.0	29.94	29.86	0.0
245	9/4/2015	96	84	72	75	73	70	100	76	44	29.98	29.94	29.9	0.0
246	9/5/2015	95	83	72	78	75	70	100	82	46	30.06	30.0	29.96	0.09
247	9/6/2015	97	86	75	77	73	68	100	73	40	30.06	29.99	29.91	0.0
248	9/7/2015	98	86	75	77	74	70	100	75	41	30.02	29.95	29.88	0.01
249	9/8/2015	97	86	74	76	72	65	99	69	37	29.98	29.92	29.83	0.0
250	9/9/2015	88	80	73	75	73	71	100	81	60	29.99	29.92	29.87	0.0
251	9/10/2015	91	81	72	76	73	71	100	84	53	29.98	29.93	29.87	0.34
252	9/11/2015	92	82	71	76	73	69	100	82	51	30.02	29.94	29.89	0.0
253	9/12/2015	89	77	65	75	57	45	98	54	26	30.1	30.04	29.99	0.0
254	9/13/2015	90	72	56	58	51	46	80	49	25	30.12	30.05	30.0	0.0
255	9/14/2015	89	73	57	66	57	46	97	59	23	30.12	30.06	30.0	0.0
256	9/15/2015	95	80	66	77	70	65	94	79	49	30.11	30.06	30.02	0.04
257	9/16/2015	95	82	70	75	70	66	100	73	41	30.15	30.09	30.03	0.0
258	9/17/2015	95	80	67	74	69	66	100	72	41	30.08	30.01	29.92	0.0
259	9/18/2015	94	82	70	74	69	62	100	69	36	29.97	29.92	29.86	0.0
260	9/19/2015	95	80	65	72	65	56	100	65	27	30.0	29.95	29.9	0.0
261	9/20/2015	95	80	65	70	64	56	100	62	27	30.06	30.0	29.94	0.0
262	9/21/2015	95	83	71	70	67	62	89	65	34	30.05	29.99	29.93	0.0
263	9/22/2015	95	81	67	72	66	59	99	66	31	30.08	30.02	29.97	0.0
264	9/23/2015	94	78	63	69	59	49	96	58	24	30.09	30.02	29.96	0.0
265	9/24/2015	94	76	59	65	58	50	80	54	30	30.08	30.02	29.96	0.0
266	9/25/2015	95	80	69	68	64	58	92	61	35	30.08	30.02	29.96	0.0
267	9/26/2015	94	80	66	65	58	50	89	52	23	30.0	29.95	29.89	0.0
268	9/27/2015	90	75	61	65	60	50	93	66	27	29.97	29.91	29.85	0.0
269	9/28/2015	81	74	68	70	67	64	99	85	61	29.9	29.85	29.8	0.02
270	9/29/2015	92	80	67	69	67	64	99	67	40	29.93	29.88	29.84	0.0
271	9/30/2015	94	80	68	67	64	60	92	63	33	30.02	29.96	29.92	0.0
272	10/1/2015	90	78	65	63	61	57	88	60	34	30.08	30.02	29.96	0.0
273	10/2/2015	84	72	60	58	49	41	85	50	22	30.09	30.0	29.91	0.0
274	10/3/2015	83	68	52	52	46	43	76	49	26	29.97	29.9	29.82	0.0
275	10/4/2015	84	68	54	53	50	48	85	55	30	30.06	29.97	29.9	0.0
276	10/5/2015	85	70	57	58	55	51	86	61	38	30.11	30.05	29.99	0.0
277	10/6/2015	89	75	61	60	58	54	89	60	32	30.16	30.09	30.02	0.0
278	10/7/2015	89	74	59	63	60	56	87	61	37	30.12	30.05	29.99	0.0
279	10/8/2015	89	76	63	68	63	61	96	68	39	30.09	30.04	29.98	0.0
280	10/9/2015	90	78	66	67	64	61	92	64	40	30.16	30.1	30.04	0.0
281	10/10/2015	88	75	62	63	59	55	93	62	34	30.22	30.14	30.05	0.0
282	10/11/2015	93	76	58	70	61	53	88	62	36	30.09	29.97	29.84	0.0
283	10/12/2015	95	82	70	71	69	67	96	70	41	29.89	29.83	29.77	0.0
284	10/13/2015	92	76	60	71	47	29	91	43	11	30.05	29.98	29.9	0.0
285	10/14/2015	95	74	54	50	41	35	67	35	13	30.12	30.06	30.02	0.0
286	10/15/2015	95	72	51	63	51	41	97	51	16	30.15	30.09	30.05	0.0
287	10/16/2015	92	72	54	64	52	44	94	54	20	30.26	30.18	30.13	0.0
288	10/17/2015	86	70	56	51	44	39	76	45	22	30.33	30.26	30.22	0.0
289	10/18/2015	83	66	50	40	36	26	61	37	13	30.39	30.31	30.25	0.0
290	10/19/2015	84	64	46	42	38	34	76	41	18	30.3	30.23	30.15	0.0
291	10/20/2015	86	68	52	68	60	43	93	75	51	30.18	30.13	30.06	0.0
292	10/21/2015	88	78	67	70	68	66	98	78	50	30.18	30.11	30.05	0.0
293	10/22/2015	86	76	65	74	69	64	98	83	61	30.09	30.01	29.93	0.0
294	10/23/2015	78	75	72	75	73	72	100	95	88	29.98	29.93	29.88	0.77
295	10/24/2015	73	70	65	73	68	65	100	98	94	29.98	29.93	29.87	5.27
296	10/25/2015	65	62	59	65	61	57	100	98	91	30.01	29.97	29.94	1.25
297	10/26/2015	76	67	58	60	57	54	93	75	55	30.0	29.93	29.87	0.0
298	10/27/2015	80	68	57	60	58	53	99	75	44	29.92	29.85	29.78	0.0
299	10/28/2015	79	68	59	56	54	51	84	63	40	29.92	29.84	29.77	0.0
300	10/29/2015	81	66	50	60	53	49	98	68	33	30.0	29.92	29.87	0.0
301	10/30/2015	73	70	66	70	66	60	100	89	76	29.92	29.8	29.68	0.2
302	10/31/2015	72	68	64	72	67	64	100	94	82	29.94	29.78	29.66	0.83
303	11/1/2015	68	62	58	64	61	58	100	93	78	30.0	29.96	29.88	0.05
304	11/2/2015	73	64	55	61	59	56	100	91	64	30.05	30.0	29.95	0.0
305	11/3/2015	77	65	53	66	59	54	100	87	54	30.11	30.04	30.0	0.0
306	11/4/2015	79	70	61	68	65	62	100	88	66	30.11	30.06	30.01	0.0
307	11/5/2015	82	76	70	77	72	68	96	90	74	30.05	30.0	29.94	0.01
308	11/6/2015	75	66	57	74	58	52	100	77	48	30.14	30.08	30.01	0.34
309	11/7/2015	61	56	52	61	57	45	100	95	74	30.25	30.16	30.05	0.8
310	11/8/2015	68	60	52	49	46	44	79	65	48	30.28	30.2	30.15	0.0
311	11/9/2015	71	60	50	55	50	46	94	73	46	30.21	30.14	30.08	0.0
312	11/10/2015	73	64	54	67	61	54	100	86	67	30.14	30.06	29.97	0.0
313	11/11/2015	82	74	66	74	68	46	96	83	45	30.03	29.9	29.84	0.01
314	11/12/2015	71	60	50	45	42	38	74	53	30	30.28	30.19	30.03	0.01
315	11/13/2015	66	58	50	46	42	39	85	57	37	30.36	30.29	30.25	0.0
316	11/14/2015	66	57	48	49	43	36	89	62	33	30.38	30.32	30.28	0.0
317	11/15/2015	73	63	53	60	51	43	98	71	43	30.31	30.21	30.09	0.0
318	11/16/2015	76	68	59	72	67	59	100	95	83	30.1	29.9	29.68	0.04
319	11/17/2015	75	62	48	72	57	48	100	93	83	29.79	29.69	29.55	1.51
320	11/18/2015	69	56	44	51	46	39	100	71	34	29.98	29.87	29.77	0.0
321	11/19/2015	76	60	45	55	50	45	99	74	37	30.17	30.1	29.98	0.0
322	11/20/2015	75	60	46	53	50	46	99	72	40	30.16	30.07	29.97	0.0
323	11/21/2015	62	50	39	61	44	29	100	68	38	30.33	30.14	29.94	0.0
324	11/22/2015	55	44	33	35	30	25	95	65	30	30.39	30.3	30.23	0.0
325	11/23/2015	62	46	31	38	34	30	99	66	30	30.37	30.3	30.24	0.0
326	11/24/2015	70	56	41	57	48	38	95	74	51	30.27	30.18	30.1	0.07
327	11/25/2015	76	68	59	64	62	57	99	84	62	30.16	30.11	30.07	0.0
328	11/26/2015	73	69	65	70	68	64	100	93	81	30.2	30.15	30.11	0.05
329	11/27/2015	75	60	44	70	61	44	100	95	83	30.22	30.15	30.11	0.49
330	11/28/2015	44	42	41	44	42	41	100	98	96	30.25	30.21	30.17	0.32
331	11/29/2015	47	44	42	48	45	42	100	99	97	30.22	30.15	30.07	0.22
332	11/30/2015	50	48	45	49	47	46	100	96	89	30.11	30.06	30.03	0.01
333	12/1/2015	57	52	46	46	45	42	96	83	62	30.1	30.05	29.98	0.0
334	12/2/2015	64	52	40	46	39	32	100	70	31	30.28	30.17	30.07	0.0
335	12/3/2015	61	48	36	40	37	34	96	70	37	30.42	30.37	30.28	0.0
336	12/4/2015	60	48	35	41	38	35	99	77	44	30.54	30.45	30.41	0.0
337	12/5/2015	63	48	33	41	37	33	100	74	35	30.52	30.44	30.38	0.0
338	12/6/2015	68	53	38	51	45	38	99	79	50	30.46	30.39	30.33	0.0
339	12/7/2015	68	54	41	50	46	41	99	81	49	30.35	30.27	30.17	0.0
340	12/8/2015	72	56	41	54	50	41	100	78	50	30.16	30.05	29.95	0.0
341	12/9/2015	75	62	50	54	50	42	100	74	31	30.06	29.98	29.93	0.0
342	12/10/2015	77	64	52	64	61	47	100	84	53	29.94	29.86	29.78	0.0
343	12/11/2015	80	72	63	69	65	63	100	84	59	29.88	29.85	29.82	0.0
344	12/12/2015	74	72	69	72	70	68	100	94	82	29.9	29.81	29.7	3.2
345	12/13/2015	72	60	49	72	54	48	100	97	91	29.8	29.72	29.59	1.63
346	12/14/2015	72	57	42	52	46	41	99	70	33	29.86	29.8	29.75	0.0
347	12/15/2015	71	59	47	65	59	47	100	91	76	29.81	29.75	29.7	0.0
348	12/16/2015	66	54	43	66	40	32	100	56	33	30.03	29.91	29.77	0.45
349	12/17/2015	61	48	36	38	32	29	86	56	30	30.23	30.06	30.0	0.0
350	12/18/2015	55	44	34	37	33	31	92	68	41	30.43	30.36	30.24	0.0
351	12/19/2015	64	50	35	45	39	33	94	72	39	30.52	30.42	30.38	0.0
352	12/20/2015	65	54	44	63	55	43	100	93	86	30.38	30.16	30.0	0.0
353	12/21/2015	74	65	55	67	64	55	100	91	68	30.02	29.96	29.9	0.0
354	12/22/2015	77	60	42	69	58	43	100	89	53	29.92	29.76	29.59	0.0
355	12/23/2015	79	68	56	69	55	42	98	65	28	29.74	29.6	29.51	0.0
356	12/24/2015	73	61	49	66	60	48	100	89	70	29.95	29.85	29.73	0.0
357	12/25/2015	78	68	57	73	64	50	99	85	70	30.03	29.95	29.87	0.0
358	12/26/2015	77	74	72	74	72	70	100	92	79	29.88	29.8	29.72	0.03
359	12/27/2015	74	58	41	72	56	42	100	98	81	29.75	29.64	29.56	3.05
360	12/28/2015	43	40	36	39	33	32	96	78	66	30.05	29.89	29.7	0.0
361	12/29/2015	52	43	34	44	37	33	100	82	57	30.18	30.09	30.0	0.0
362	12/30/2015	52	47	41	47	44	40	100	89	70	30.28	30.22	30.16	0.1
363	12/31/2015	54	46	38	43	40	38	100	81	58	30.41	30.31	30.25	0.0
364	1/1/2016	47	45	43	39	36	32	77	70	64	30.53	30.46	30.37	0.0
365	1/2/2016	48	45	42	41	34	32	91	65	53	30.5	30.4	30.32	0.0
366	1/3/2016	60	50	40	42	37	31	95	66	38	30.33	30.28	30.22	0.0
367	1/4/2016	57	46	34	35	32	31	86	63	38	30.39	30.31	30.26	0.0
368	1/5/2016	53	42	32	37	34	33	100	76	51	30.4	30.31	30.23	0.0
369	1/6/2016	57	50	42	57	46	34	100	88	66	30.24	30.1	29.94	0.72
370	1/7/2016	60	56	51	57	55	52	100	98	85	29.95	29.89	29.83	0.02
371	1/8/2016	60	52	44	59	54	45	100	99	88	29.9	29.8	29.71	0.04
372	1/9/2016	57	48	39	58	40	30	100	81	65	30.22	29.99	29.8	0.11
373	1/10/2016	48	40	31	31	27	24	89	66	41	30.38	30.29	30.21	0.0
374	1/11/2016	54	42	30	35	30	26	97	69	38	30.32	30.26	30.19	0.0
375	1/12/2016	62	47	32	42	37	32	100	73	37	30.35	30.28	30.24	0.0
376	1/13/2016	64	48	33	44	40	33	100	73	41	30.27	30.19	30.08	0.0
377	1/14/2016	69	56	42	59	52	43	100	90	68	30.07	29.91	29.74	0.0
378	1/15/2016	68	55	42	58	43	34	100	65	28	29.85	29.79	29.69	0.0
379	1/16/2016	52	46	40	46	38	35	95	77	63	30.17	29.93	29.8	0.02
380	1/17/2016	55	42	30	36	32	30	100	70	39	30.25	30.19	30.11	0.0
381	1/18/2016	58	45	32	39	36	32	100	74	43	30.41	30.32	30.25	0.0
382	1/19/2016	69	56	42	51	46	38	87	71	50	30.3	30.21	30.1	0.0
383	1/20/2016	58	50	41	54	40	32	98	68	50	30.24	30.13	30.0	0.05
384	1/21/2016	65	53	40	64	49	30	100	84	62	30.17	30.01	29.89	0.1
385	1/22/2016	50	42	35	31	29	26	77	62	41	30.33	30.26	30.16	0.0
386	1/23/2016	53	41	29	32	30	28	95	71	40	30.37	30.28	30.18	0.0
387	1/24/2016	67	50	32	53	42	30	100	71	49	30.18	30.06	29.93	0.0
388	1/25/2016	73	64	56	59	54	41	99	75	54	30.07	29.96	29.89	0.0
389	1/26/2016	56	49	42	40	34	32	67	54	39	30.3	30.18	30.07	0.0
390	1/27/2016	57	45	33	32	27	20	82	53	25	30.36	30.29	30.23	0.0
391	1/28/2016	67	48	30	36	31	26	90	57	28	30.25	30.16	30.07	0.0
392	1/29/2016	75	55	35	42	36	33	92	51	23	30.13	30.04	29.94	0.0
393	1/30/2016	75	63	51	59	50	43	97	69	36	29.98	29.9	29.82	0.0
394	1/31/2016	80	70	59	62	58	44	100	76	39	29.89	29.83	29.77	0.0
395	2/1/2016	77	65	53	64	59	43	100	77	54	29.89	29.75	29.59	0.0
396	2/2/2016	70	61	52	63	35	22	91	41	17	29.92	29.79	29.68	0.0
397	2/3/2016	55	46	37	32	28	24	64	49	31	30.38	30.17	29.94	0.0
398	2/4/2016	56	44	32	28	25	22	76	52	27	30.53	30.45	30.38	0.0
399	2/5/2016	59	44	28	35	27	22	94	55	25	30.5	30.41	30.32	0.0
400	2/6/2016	55	46	35	42	37	34	100	75	47	30.4	30.34	30.28	0.08
401	2/7/2016	64	48	31	41	35	31	100	69	32	30.38	30.24	30.13	0.0
402	2/8/2016	59	48	38	35	21	12	84	38	16	30.41	30.31	30.22	0.03
403	2/9/2016	67	54	41	33	26	12	72	33	18	30.39	30.29	30.23	0.0
404	2/10/2016	70	52	34	44	33	26	87	49	27	30.41	30.3	30.18	0.0
405	2/11/2016	79	63	47	52	41	37	82	49	22	30.2	30.14	30.09	0.0
406	2/12/2016	76	62	47	56	50	42	100	69	35	30.31	30.22	30.15	0.0
407	2/13/2016	72	60	47	55	48	39	91	66	50	30.38	30.29	30.18	0.0
408	2/14/2016	74	65	56	60	56	52	100	77	46	30.18	29.99	29.86	0.0
409	2/15/2016	73	60	46	63	49	33	100	67	28	29.96	29.89	29.82	0.0
410	2/16/2016	79	62	45	44	38	34	74	46	22	30.12	29.99	29.93	0.0
411	2/17/2016	72	58	43	38	34	30	63	43	25	30.31	30.23	30.12	0.0
412	2/18/2016	79	60	42	60	50	31	100	70	42	30.27	30.2	30.12	0.0
413	2/19/2016	80	69	58	62	59	57	100	78	47	30.21	30.14	30.07	0.0
414	2/20/2016	74	69	64	65	63	61	100	84	65	30.14	30.07	29.99	0.0
415	2/21/2016	71	66	61	69	65	61	100	96	78	30.09	30.03	29.98	0.27
416	2/22/2016	65	60	56	65	59	57	100	94	78	29.99	29.9	29.68	0.24
417	2/23/2016	63	54	45	61	51	38	100	88	68	29.98	29.72	29.6	0.64
418	2/24/2016	60	51	42	39	33	28	89	57	29	30.23	30.14	29.98	0.0
419	2/25/2016	67	54	41	36	31	26	70	48	23	30.45	30.3	30.19	0.0
420	2/26/2016	61	48	36	36	31	28	75	53	29	30.51	30.41	30.33	0.0
421	2/27/2016	72	54	37	48	41	32	100	63	36	30.34	30.26	30.16	0.0
422	2/28/2016	74	62	49	59	54	48	95	78	57	30.16	30.07	29.99	0.0
423	2/29/2016	77	67	57	62	60	57	100	80	51	30.14	30.06	29.98	0.0
424	3/1/2016	80	67	53	65	57	37	100	74	47	30.2	30.04	29.95	0.0
425	3/2/2016	73	58	42	60	43	34	89	57	32	30.23	30.11	29.94	0.0
426	3/3/2016	81	68	54	66	51	34	99	59	20	30.15	29.98	29.84	0.0
427	3/4/2016	73	57	41	51	38	34	82	49	24	30.23	30.15	30.07	0.0
428	3/5/2016	76	62	47	59	51	46	100	73	38	30.24	30.17	30.12	0.0
429	3/6/2016	76	62	48	60	55	49	100	76	44	30.22	30.11	29.99	0.0
430	3/7/2016	76	68	61	64	62	58	97	83	59	30.0	29.89	29.81	0.0
431	3/8/2016	80	74	67	71	68	63	100	88	66	29.85	29.74	29.67	0.05
432	3/9/2016	70	64	57	70	62	58	100	100	97	29.86	29.76	29.64	1.62
433	3/10/2016	71	65	59	65	62	60	100	97	79	29.97	29.87	29.77	0.92
434	3/11/2016	75	68	62	65	62	56	100	87	56	30.0	29.95	29.85	0.43
435	3/12/2016	72	65	58	64	59	56	100	86	59	30.0	29.9	29.83	0.14
436	3/13/2016	82	68	55	64	54	42	100	67	24	29.85	29.8	29.73	0.0
437	3/14/2016	89	70	52	67	54	46	97	57	30	29.89	29.82	29.74	0.0
438	3/15/2016	84	74	64	67	64	48	100	78	41	29.95	29.82	29.76	0.0
439	3/16/2016	81	68	55	68	55	42	100	64	32	30.05	29.96	29.9	0.0
440	3/17/2016	79	72	64	69	66	59	100	85	60	29.95	29.89	29.82	0.0
441	3/18/2016	81	70	59	68	64	56	100	84	61	29.97	29.84	29.77	0.0
442	3/19/2016	63	54	47	55	41	32	89	62	39	30.27	30.14	29.99	0.0
443	3/20/2016	59	48	39	34	30	24	77	51	29	30.45	30.38	30.27	0.0
444	3/21/2016	65	48	32	39	33	28	100	59	28	30.48	30.38	30.26	0.0
445	3/22/2016	75	58	42	58	50	40	100	70	50	30.25	30.1	29.97	0.0
446	3/23/2016	79	71	64	66	62	58	94	79	58	29.97	29.85	29.75	0.0
447	3/24/2016	69	58	48	68	44	34	100	64	38	30.05	29.96	29.74	0.35
448	3/25/2016	72	55	39	48	41	36	100	62	31	30.03	29.96	29.86	0.0
449	3/26/2016	75	59	44	58	52	45	100	75	48	29.98	29.93	29.89	0.0
450	3/27/2016	70	62	52	65	56	45	100	80	51	30.17	30.05	29.92	0.0
451	3/28/2016	73	58	43	49	45	41	100	64	34	30.2	30.11	30.01	0.0
452	3/29/2016	72	62	53	69	61	48	100	91	73	30.04	29.97	29.89	0.0
453	3/30/2016	74	72	71	72	71	70	100	94	88	29.85	29.74	29.65	0.0
454	3/31/2016	84	74	62	71	62	47	100	69	31	29.79	29.69	29.64	0.0
455	4/1/2016	66	56	46	52	46	42	98	69	48	30.16	29.97	29.77	0.04
456	4/2/2016	71	56	41	44	40	32	100	63	24	30.3	30.23	30.15	0.0
457	4/3/2016	75	57	39	47	40	34	100	59	26	30.28	30.2	30.11	0.0
458	4/4/2016	81	66	50	52	48	43	95	59	27	30.23	30.18	30.14	0.0
459	4/5/2016	81	64	48	53	49	45	100	56	32	30.25	30.17	30.07	0.0
460	4/6/2016	79	68	56	62	50	38	100	63	24	30.12	30.06	29.98	0.0
461	4/7/2016	84	64	45	49	43	39	89	50	20	30.08	30.02	29.96	0.0
462	4/8/2016	78	66	55	48	43	35	76	46	24	30.22	30.14	30.05	0.0
463	4/9/2016	77	64	51	57	51	44	86	64	38	30.18	30.12	30.05	0.0
464	4/10/2016	82	71	61	67	63	58	100	79	52	30.06	29.99	29.91	0.0
465	4/11/2016	79	74	68	76	71	68	100	98	84	29.98	29.92	29.84	0.1
466	4/12/2016	69	66	63	69	65	63	100	95	85	30.14	30.06	29.98	0.01
467	4/13/2016	68	64	59	64	62	59	100	96	82	30.1	30.03	29.95	0.48
468	4/14/2016	67	62	57	62	60	58	100	92	77	30.05	29.99	29.93	0.0
469	4/15/2016	77	66	54	62	59	54	100	85	55	29.97	29.9	29.82	0.0
470	4/16/2016	82	70	57	68	65	58	100	85	60	29.95	29.89	29.85	0.0
471	4/17/2016	74	70	66	73	69	66	100	96	82	30.04	29.97	29.91	0.39
472	4/18/2016	77	70	64	70	67	65	100	94	73	30.16	30.07	29.96	1.04
473	4/19/2016	81	72	63	72	67	63	100	89	62	30.13	30.05	29.96	0.01
474	4/20/2016	76	68	60	70	65	60	100	92	65	30.06	29.99	29.94	0.68
475	4/21/2016	77	68	60	65	63	60	100	89	58	30.03	29.97	29.92	0.3
476	4/22/2016	80	68	58	64	57	50	100	72	37	30.14	30.07	30.02	0.0
477	4/23/2016	81	67	53	60	56	51	100	69	37	30.12	30.06	29.95	0.0
478	4/24/2016	76	65	55	68	63	56	100	85	60	30.0	29.92	29.84	0.0
479	4/25/2016	87	76	66	72	70	66	100	84	57	29.87	29.82	29.73	0.0
480	4/26/2016	85	78	72	72	70	68	96	80	59	29.81	29.73	29.63	0.0
481	4/27/2016	84	72	60	72	64	58	100	78	42	29.8	29.72	29.61	0.44
482	4/28/2016	87	74	60	75	68	61	100	82	48	29.9	29.82	29.77	0.0
483	4/29/2016	85	79	73	77	74	71	100	88	63	29.81	29.69	29.6	0.18
484	4/30/2016	84	75	67	75	68	63	100	81	50	29.85	29.72	29.61	0.6
485	5/1/2016	81	73	65	69	64	60	100	78	56	29.99	29.89	29.84	0.0
486	5/2/2016	67	62	57	61	57	54	98	82	68	30.11	30.05	29.97	0.48
487	5/3/2016	74	62	50	55	51	46	100	70	40	30.14	30.08	30.01	0.0
488	5/4/2016	82	67	52	60	53	50	100	65	35	30.12	30.05	29.97	0.0
489	5/5/2016	82	70	57	58	53	48	86	59	32	30.1	30.03	29.98	0.0
490	5/6/2016	83	68	53	61	54	51	100	64	34	30.12	30.06	30.0	0.0
491	5/7/2016	83	69	55	63	58	56	100	66	40	30.07	30.01	29.94	0.0
492	5/8/2016	76	68	61	69	64	59	100	85	66	29.99	29.9	29.79	0.01
493	5/9/2016	85	74	64	71	67	64	100	77	57	29.85	29.8	29.74	0.0
494	5/10/2016	89	80	70	74	72	62	97	80	58	30.09	29.9	29.84	0.0
495	5/11/2016	88	76	64	73	67	62	100	78	56	30.12	30.01	29.95	0.2
496	5/12/2016	85	76	68	74	70	66	100	84	56	30.19	30.11	30.04	0.0
497	5/13/2016	86	76	66	71	68	66	100	77	53	30.2	30.13	30.03	0.0
498	5/14/2016	84	76	67	74	70	61	100	92	60	30.11	30.08	30.04	0.25
499	5/15/2016	76	69	62	68	66	63	100	93	72	30.13	30.07	30.02	0.0
500	5/16/2016	78	71	65	71	66	62	100	91	69	30.05	29.94	29.87	0.14
501	5/17/2016	83	73	63	71	67	63	100	85	61	30.01	29.93	29.86	0.01
502	5/18/2016	73	68	63	67	64	61	100	90	75	30.11	30.05	29.93	0.13
503	5/19/2016	70	65	60	67	63	60	100	98	84	30.06	29.97	29.84	1.49
504	5/20/2016	81	70	60	67	64	60	100	87	58	30.06	29.99	29.92	0.0
505	5/21/2016	81	72	62	75	69	63	100	93	70	30.1	30.04	29.98	0.41
506	5/22/2016	87	77	67	76	72	68	100	88	60	30.02	29.96	29.87	0.0
507	5/23/2016	85	76	68	74	72	68	100	88	67	29.96	29.92	29.85	0.0
508	5/24/2016	89	79	69	76	73	70	100	86	63	30.02	29.96	29.91	0.0
509	5/25/2016	88	82	75	78	76	74	100	85	64	30.05	30.0	29.94	0.0
510	5/26/2016	77	72	68	78	74	68	100	100	98	30.01	29.92	29.82	7.78
511	5/27/2016	72	68	64	72	66	65	100	100	95	29.89	29.8	29.71	1.11
512	5/28/2016	90	76	62	76	70	62	100	85	59	30.06	29.94	29.83	0.0
513	5/29/2016	89	80	72	76	73	70	100	83	55	30.15	30.07	30.0	0.0
514	5/30/2016	87	78	70	74	70	63	100	83	48	30.08	29.99	29.91	0.0
515	5/31/2016	86	76	67	76	72	66	100	89	63	29.96	29.9	29.83	0.02
516	6/1/2016	88	77	67	76	71	67	100	90	56	29.95	29.9	29.84	0.77
517	6/2/2016	82	74	68	73	70	68	100	90	65	29.93	29.89	29.84	0.14
518	6/3/2016	82	74	66	73	70	66	100	88	59	29.94	29.9	29.85	0.04
519	6/4/2016	80	74	68	76	71	69	100	97	74	29.93	29.89	29.84	0.38
520	6/5/2016	88	78	69	73	68	60	100	78	42	29.9	29.87	29.83	0.0
521	6/6/2016	88	77	67	73	68	64	97	75	56	29.9	29.86	29.82	0.0
522	6/7/2016	90	79	69	72	69	65	100	73	44	29.94	29.91	29.87	0.0
523	6/8/2016	90	79	68	74	69	64	100	74	43	29.97	29.94	29.9	0.0
524	6/9/2016	92	80	69	75	71	67	100	76	44	29.99	29.95	29.91	0.0
525	6/10/2016	92	80	68	77	73	69	100	83	52	30.03	29.97	29.92	0.0
526	6/11/2016	93	83	73	79	75	72	100	80	50	30.08	30.02	29.98	0.0
527	6/12/2016	90	83	76	81	77	72	100	87	62	30.1	30.05	29.98	0.07
528	6/13/2016	92	84	77	79	77	74	100	84	56	30.03	29.95	29.85	0.0
529	6/14/2016	94	85	77	79	76	74	100	79	54	29.95	29.89	29.83	0.0
530	6/15/2016	95	85	76	79	75	72	100	75	48	30.0	29.95	29.9	0.0
531	6/16/2016	94	85	76	78	75	72	100	75	51	30.05	29.98	29.92	0.0
532	6/17/2016	95	85	75	78	75	72	100	77	47	30.02	29.96	29.9	0.0
533	6/18/2016	93	84	74	79	74	69	100	77	50	30.08	30.01	29.94	0.0
534	6/19/2016	92	82	71	76	72	69	100	79	46	30.17	30.1	30.06	0.0
535	6/20/2016	92	82	72	79	74	69	100	81	50	30.24	30.18	30.13	0.07
536	6/21/2016	93	83	73	79	75	71	100	80	50	30.18	30.12	30.02	0.02
537	6/22/2016	93	84	74	78	75	71	100	78	53	30.09	30.04	29.98	0.02
538	6/23/2016	93	83	73	76	72	68	100	71	47	30.12	30.06	30.0	0.0
539	6/24/2016	93	80	68	76	71	68	100	74	45	30.12	30.05	29.98	0.0
540	6/25/2016	92	82	73	80	76	72	100	83	60	30.1	30.05	30.02	0.02
541	6/26/2016	94	83	73	79	75	70	100	80	47	30.16	30.1	30.02	0.0
542	6/27/2016	96	85	74	79	74	71	100	76	46	30.14	30.08	30.0	0.01
543	6/28/2016	92	82	71	78	74	71	100	92	58	30.08	30.04	30.0	1.15
544	6/29/2016	92	81	70	79	74	70	100	82	53	30.03	29.99	29.92	0.01
545	6/30/2016	93	82	71	79	73	69	100	78	45	30.02	29.97	29.94	0.0
546	7/1/2016	93	82	72	78	75	71	100	78	50	30.07	30.01	29.97	0.0
547	7/2/2016	95	84	75	80	75	71	100	76	48	30.07	30.01	29.94	0.0
548	7/3/2016	94	85	76	80	77	71	100	80	50	30.02	29.96	29.88	0.0
549	7/4/2016	84	81	78	80	79	75	100	95	76	30.05	29.96	29.91	0.0
550	7/5/2016	94	86	78	80	77	73	100	78	51	30.05	29.99	29.95	0.0
551	7/6/2016	93	86	79	80	77	72	100	84	53	30.05	29.99	29.94	0.0
552	7/7/2016	96	87	78	80	76	71	100	75	47	30.01	29.98	29.93	0.0
553	7/8/2016	96	86	77	80	75	71	100	75	45	30.08	30.01	29.95	0.0
554	7/9/2016	94	84	73	81	76	72	100	84	48	30.08	30.03	29.95	0.0
555	7/10/2016	95	86	78	81	75	66	100	75	43	30.05	29.97	29.89	0.0
556	7/11/2016	96	86	77	80	74	66	100	71	38	29.99	29.95	29.9	0.0
557	7/12/2016	97	86	76	79	74	68	100	71	41	30.02	29.97	29.93	0.0
558	7/13/2016	98	88	78	81	76	69	100	73	45	30.07	30.01	29.96	0.03
559	7/14/2016	97	87	77	79	75	70	100	71	41	30.08	30.01	29.95	0.0
560	7/15/2016	98	87	76	80	74	68	100	70	39	30.07	30.01	29.92	0.0
561	7/16/2016	97	86	75	79	73	66	100	71	39	30.08	30.02	29.96	0.0
562	7/17/2016	97	84	71	77	72	67	100	70	38	30.11	30.07	30.02	0.0
563	7/18/2016	97	84	72	79	73	69	100	71	41	30.19	30.14	30.09	0.0
564	7/19/2016	97	85	73	79	75	70	100	75	41	30.23	30.15	30.08	0.0
565	7/20/2016	93	82	72	79	74	71	100	81	49	30.21	30.15	30.09	0.0
566	7/21/2016	98	86	75	78	71	66	100	64	36	30.18	30.12	30.05	0.0
567	7/22/2016	98	86	74	78	72	67	100	63	38	30.13	30.06	29.98	0.0
568	7/23/2016	99	88	76	79	73	68	100	65	38	30.03	29.97	29.87	0.0
569	7/24/2016	99	88	76	79	74	68	100	69	36	30.0	29.95	29.88	0.0
570	7/25/2016	96	84	73	80	76	71	100	84	48	30.0	29.96	29.89	0.01
571	7/26/2016	95	83	72	78	74	70	100	83	46	29.98	29.94	29.87	0.0
572	7/27/2016	90	81	72	78	74	70	100	84	61	30.0	29.97	29.92	0.0
573	7/28/2016	95	84	73	81	75	70	100	87	45	30.04	30.0	29.95	0.44
574	7/29/2016	94	84	73	80	75	68	100	78	48	30.08	30.01	29.93	0.0
575	7/30/2016	97	86	75	80	74	69	100	73	42	30.07	30.01	29.94	0.0
576	7/31/2016	97	86	75	80	75	70	100	74	43	30.07	30.01	29.95	0.0
577	8/1/2016	97	86	75	78	72	63	100	68	32	30.1	30.05	29.98	0.0
578	8/2/2016	98	86	74	78	73	68	100	68	39	30.12	30.06	29.99	0.0
579	8/3/2016	99	86	74	79	73	68	100	67	39	30.09	30.01	29.93	0.0
580	8/4/2016	98	86	74	79	73	69	100	68	39	30.01	29.96	29.9	0.0
581	8/5/2016	99	87	75	79	74	69	100	69	39	30.01	29.96	29.9	0.0
582	8/6/2016	99	87	75	79	73	68	100	67	37	30.02	29.97	29.9	0.0
583	8/7/2016	100	88	77	78	73	68	100	66	36	29.99	29.93	29.85	0.0
584	8/8/2016	99	88	76	79	72	66	100	66	36	29.96	29.91	29.83	0.0
585	8/9/2016	99	88	76	79	74	69	100	66	39	29.98	29.92	29.85	0.0
586	8/10/2016	101	88	77	80	74	69	100	67	36	30.05	29.98	29.91	0.0
587	8/11/2016	101	90	79	80	75	69	100	69	36	30.03	29.95	29.85	0.0
588	8/12/2016	100	89	78	81	75	68	100	71	36	29.91	29.86	29.75	0.0
589	8/13/2016	94	84	75	78	76	74	100	83	55	29.89	29.84	29.76	0.14
590	8/14/2016	88	78	69	76	74	70	100	94	59	30.01	29.92	29.85	0.02
591	8/15/2016	81	76	70	77	73	70	100	96	78	30.06	30.0	29.96	0.5
592	8/16/2016	83	78	73	77	75	73	100	95	72	30.1	30.05	30.01	0.63
593	8/17/2016	86	79	72	79	75	72	100	97	71	30.12	30.09	30.06	0.44
594	8/18/2016	88	79	72	80	75	72	100	97	71	30.11	30.07	30.0	0.75
595	8/19/2016	89	81	73	79	76	74	100	88	62	30.04	29.96	29.89	0.31
596	8/20/2016	89	80	72	79	76	72	100	90	65	29.95	29.91	29.84	1.22
597	8/21/2016	81	76	72	77	74	72	100	97	80	30.06	30.0	29.93	1.07
598	8/22/2016	88	80	73	79	76	73	100	94	69	30.13	30.08	30.04	0.19
599	8/23/2016	92	84	75	80	76	73	100	81	55	30.18	30.13	30.08	0.0
600	8/24/2016	91	82	72	79	75	71	100	86	52	30.17	30.12	30.05	0.0
601	8/25/2016	92	82	73	80	76	71	100	89	53	30.12	30.07	29.99	0.0
602	8/26/2016	86	79	72	77	74	71	100	94	68	30.09	30.04	29.98	0.0
603	8/27/2016	89	80	71	76	73	70	100	84	56	30.05	30.0	29.93	0.0
604	8/28/2016	89	80	71	78	74	72	100	91	59	30.06	30.01	29.95	0.27
605	8/29/2016	90	80	70	76	73	71	100	91	57	30.04	30.0	29.95	0.56
606	8/30/2016	91	80	70	76	73	70	100	87	52	30.04	29.99	29.92	0.01
607	8/31/2016	92	82	73	78	74	71	100	79	49	29.99	29.95	29.88	0.0
608	9/1/2016	93	84	74	77	74	70	100	78	47	29.98	29.94	29.89	0.0
609	9/2/2016	87	80	72	79	75	72	100	92	67	30.03	29.98	29.94	0.04
610	9/3/2016	89	80	71	76	72	70	100	82	54	30.04	29.99	29.95	0.0
611	9/4/2016	92	80	69	78	73	70	100	83	51	30.05	29.99	29.94	0.06
612	9/5/2016	90	81	72	80	76	73	100	92	65	30.1	30.05	30.0	0.01
613	9/6/2016	92	82	72	79	75	72	100	84	57	30.17	30.1	30.06	0.0
614	9/7/2016	93	82	72	80	76	72	100	84	53	30.17	30.11	30.03	0.0
615	9/8/2016	93	84	75	80	76	70	100	81	48	30.09	30.02	29.93	0.0
616	9/9/2016	91	82	74	79	76	71	100	85	54	30.01	29.96	29.92	0.0
617	9/10/2016	88	79	70	79	72	69	100	85	56	30.16	30.08	29.99	0.04
618	9/11/2016	88	78	67	71	70	68	100	79	52	30.19	30.11	30.02	0.0
619	9/12/2016	90	78	67	76	71	67	100	86	47	30.04	29.99	29.9	0.0
620	9/13/2016	87	79	71	78	74	70	100	90	61	30.05	29.99	29.96	0.0
621	9/14/2016	90	82	73	77	74	70	100	82	53	30.1	30.05	29.99	0.0
622	9/15/2016	91	80	70	76	73	70	100	83	50	30.07	30.01	29.94	0.0
623	9/16/2016	92	81	70	79	74	71	100	84	51	30.0	29.94	29.88	0.0
624	9/17/2016	94	83	72	80	75	72	100	81	49	30.04	29.98	29.93	0.0
625	9/18/2016	95	84	75	80	76	72	100	81	50	30.05	29.98	29.93	0.0
626	9/19/2016	95	86	76	79	76	74	100	81	50	30.07	30.01	29.98	0.0
627	9/20/2016	96	84	74	80	76	72	100	84	47	30.11	30.05	29.97	0.1
628	9/21/2016	92	80	68	77	69	63	100	74	38	30.09	30.03	29.98	0.0
629	9/22/2016	93	80	66	76	71	67	100	78	49	30.04	29.98	29.92	0.0
630	9/23/2016	92	80	70	78	74	71	100	83	53	30.05	29.99	29.95	0.0
631	9/24/2016	93	82	72	80	75	72	100	89	54	30.05	29.99	29.92	0.06
632	9/25/2016	90	80	71	80	73	72	100	95	59	30.06	30.0	29.96	0.93
633	9/26/2016	73	70	67	74	71	68	100	100	95	30.13	30.08	30.05	0.01
634	9/27/2016	79	72	65	68	64	62	100	80	57	30.11	30.06	30.02	0.0
635	9/28/2016	85	73	61	65	61	55	100	76	36	30.11	30.06	30.02	0.0
636	9/29/2016	80	70	59	63	57	52	100	70	38	30.23	30.16	30.09	0.0
637	9/30/2016	79	66	54	57	54	50	100	67	37	30.23	30.16	30.08	0.0
638	10/1/2016	78	66	55	64	59	55	100	83	46	30.14	30.09	30.05	0.0
639	10/2/2016	84	68	54	65	59	55	100	74	44	30.09	30.04	29.98	0.0
640	10/3/2016	86	72	58	64	60	58	100	71	40	30.01	29.94	29.87	0.0
641	10/4/2016	91	75	60	72	67	61	100	78	47	29.88	29.84	29.77	0.0
642	10/5/2016	92	80	68	77	72	68	100	81	45	29.96	29.9	29.86	0.0
643	10/6/2016	89	79	69	78	73	70	100	91	59	29.98	29.94	29.89	0.05
644	10/7/2016	87	75	64	75	69	62	100	85	51	30.15	30.04	29.94	0.0
645	10/8/2016	83	71	59	63	61	59	100	78	49	30.24	30.18	30.13	0.0
646	10/9/2016	80	66	51	58	47	41	86	57	27	30.31	30.23	30.19	0.0
647	10/10/2016	84	66	48	52	48	45	92	58	26	30.23	30.18	30.12	0.0
648	10/11/2016	86	70	55	73	64	52	100	81	57	30.18	30.12	30.05	0.0
649	10/12/2016	92	79	66	73	70	66	100	79	46	30.11	30.06	30.0	0.0
650	10/13/2016	88	78	68	75	71	68	100	89	55	30.17	30.11	30.03	1.25
651	10/14/2016	85	76	68	74	70	66	100	89	52	30.2	30.11	30.03	0.02
652	10/15/2016	88	76	64	72	66	61	100	75	42	30.1	30.04	29.96	0.0
653	10/16/2016	91	80	69	74	70	66	100	78	46	30.06	29.98	29.9	0.0
654	10/17/2016	91	81	72	76	72	68	100	78	48	29.95	29.88	29.78	0.0
655	10/18/2016	91	82	74	76	72	66	100	80	45	29.95	29.89	29.84	0.0
656	10/19/2016	89	80	72	77	72	67	100	82	49	30.03	29.96	29.92	0.0
657	10/20/2016	79	70	60	75	64	48	100	79	42	30.24	30.09	29.97	0.0
658	10/21/2016	73	62	49	49	47	43	93	62	34	30.3	30.23	30.17	0.0
659	10/22/2016	77	60	43	52	45	39	100	66	26	30.25	30.19	30.13	0.0
660	10/23/2016	82	65	49	61	55	49	100	73	41	30.24	30.19	30.15	0.0
661	10/24/2016	83	72	62	64	61	59	99	74	44	30.3	30.23	30.19	0.0
662	10/25/2016	82	70	57	67	61	58	100	80	46	30.26	30.19	30.12	0.0
663	10/26/2016	84	72	61	68	60	52	100	73	33	30.19	30.15	30.08	0.0
664	10/27/2016	84	70	57	65	59	54	100	72	41	30.26	30.2	30.16	0.0
665	10/28/2016	85	70	54	65	59	54	100	72	41	30.26	30.19	30.12	0.0
666	10/29/2016	86	71	56	70	64	56	100	81	48	30.21	30.15	30.09	0.0
667	10/30/2016	84	73	62	69	64	58	100	81	42	30.23	30.15	30.11	0.0
668	10/31/2016	83	66	51	68	62	52	100	82	54	30.15	30.07	29.98	0.0
669	11/1/2016	85	76	67	73	70	66	100	91	63	30.06	30.02	29.99	0.0
670	11/2/2016	86	77	68	72	70	68	100	85	59	30.16	30.09	30.06	0.0
671	11/3/2016	84	76	68	74	70	68	100	93	60	30.24	30.2	30.15	0.78
672	11/4/2016	71	69	67	72	69	67	100	100	100	30.3	30.24	30.22	1.82
673	11/5/2016	68	64	60	69	63	59	100	99	87	30.28	30.23	30.19	0.11
674	11/6/2016	80	69	58	66	62	57	100	88	62	30.21	30.14	30.05	0.97
675	11/7/2016	70	66	63	68	66	63	100	98	87	30.16	30.12	30.08	0.04
676	11/8/2016	68	64	61	66	64	61	100	99	92	30.2	30.16	30.12	0.01
677	11/9/2016	67	62	58	66	62	58	100	97	86	30.29	30.23	30.18	0.02
678	11/10/2016	70	62	53	58	51	44	100	76	40	30.36	30.29	30.24	0.0
679	11/11/2016	70	60	50	60	54	48	100	82	49	30.31	30.24	30.18	0.0
680	11/12/2016	76	65	54	60	57	55	100	80	51	30.28	30.22	30.17	0.0
681	11/13/2016	71	61	51	56	53	47	100	79	50	30.29	30.21	30.15	0.0
682	11/14/2016	77	66	54	62	58	51	93	77	52	30.15	30.09	30.02	0.0
683	11/15/2016	80	67	54	60	55	50	100	74	35	30.11	30.05	30.02	0.0
684	11/16/2016	84	68	52	61	53	49	95	62	32	30.06	30.0	29.94	0.0
685	11/17/2016	81	70	58	66	62	58	100	80	49	29.98	29.93	29.86	0.0
686	11/18/2016	72	61	50	72	54	34	100	74	41	30.44	30.15	29.94	0.13
687	11/19/2016	60	50	38	34	31	26	77	51	28	30.6	30.52	30.45	0.0
688	11/20/2016	64	48	32	43	33	28	100	63	26	30.46	30.36	30.22	0.0
689	11/21/2016	74	58	41	56	50	42	100	74	44	30.22	30.12	30.03	0.0
690	11/22/2016	79	68	57	68	63	56	100	86	57	30.03	29.97	29.92	0.04
691	11/23/2016	69	58	47	70	51	45	100	75	47	30.2	30.13	29.95	0.19
692	11/24/2016	72	57	42	57	50	42	100	79	45	30.27	30.21	30.16	0.0
693	11/25/2016	64	58	52	63	58	52	100	97	89	30.39	30.33	30.23	0.09
694	11/26/2016	70	61	52	57	54	51	100	83	55	30.41	30.32	30.23	0.0
695	11/27/2016	72	62	51	65	57	52	100	84	63	30.23	29.99	29.75	0.0
696	11/28/2016	78	64	50	70	54	36	100	68	23	29.75	29.6	29.53	0.04
697	11/29/2016	77	62	47	56	44	36	96	58	25	29.79	29.67	29.6	0.11
698	11/30/2016	64	51	38	39	34	28	87	51	27	30.13	30.01	29.79	0.0
699	12/1/2016	66	50	34	37	33	28	99	60	25	30.19	30.11	30.04	0.0
700	12/2/2016	65	53	41	50	42	36	100	70	38	30.16	30.1	30.04	0.29
701	12/3/2016	50	48	47	50	49	48	100	100	100	30.07	29.97	29.82	0.42
702	12/4/2016	52	50	48	50	49	47	100	96	90	30.07	30.0	29.9	0.04
703	12/5/2016	49	48	47	50	49	47	100	100	100	30.04	29.85	29.75	0.02
704	12/6/2016	60	52	43	52	49	44	100	95	71	30.08	29.94	29.8	0.02
705	12/7/2016	57	50	43	51	49	43	100	91	76	30.25	30.11	30.05	0.02
706	12/8/2016	51	43	35	49	34	22	97	76	57	30.65	30.48	30.25	0.01
707	12/9/2016	45	37	29	31	23	17	76	56	33	30.66	30.6	30.52	0.0
708	12/10/2016	52	42	32	37	32	28	96	67	52	30.53	30.4	30.2	0.01
709	12/11/2016	72	61	50	65	59	38	100	87	64	30.2	30.02	29.92	0.0
710	12/12/2016	64	57	50	63	56	49	100	90	63	30.12	30.02	29.98	0.01
711	12/13/2016	69	62	54	64	58	52	100	93	67	30.12	30.02	29.95	0.0
712	12/14/2016	61	56	50	52	49	46	91	80	65	30.31	30.18	30.12	0.01
713	12/15/2016	50	48	45	47	39	36	89	71	62	30.43	30.31	30.18	0.02
714	12/16/2016	68	57	46	68	54	36	100	91	61	30.18	29.96	29.82	0.01
715	12/17/2016	79	56	34	71	61	26	100	85	68	30.18	29.81	29.67	0.0
716	12/18/2016	34	30	26	24	16	14	68	57	47	30.62	30.44	30.18	0.0
717	12/19/2016	42	32	22	18	13	8	72	49	25	30.71	30.63	30.57	0.0
718	12/20/2016	57	44	30	28	20	15	75	42	20	30.58	30.46	30.32	0.0
719	12/21/2016	69	58	46	54	37	23	87	48	25	30.31	30.21	30.11	0.0
720	12/22/2016	66	56	46	57	45	39	100	67	38	30.33	30.25	30.17	0.0
721	12/23/2016	73	64	54	71	61	45	100	95	68	30.22	30.11	30.01	0.1
722	12/24/2016	77	72	68	70	68	66	100	90	70	30.11	30.07	30.02	0.0
723	12/25/2016	80	74	68	71	67	64	100	85	56	30.06	29.99	29.91	0.01
724	12/26/2016	79	74	70	73	71	68	100	91	74	30.23	30.14	30.06	0.0
725	12/27/2016	75	67	59	70	64	59	100	90	64	30.29	30.22	30.16	0.01
726	12/28/2016	80	70	59	70	66	60	100	87	61	30.15	30.08	30.0	0.0
727	12/29/2016	68	57	46	67	32	20	97	42	22	30.53	30.37	30.09	0.0
728	12/30/2016	51	47	43	37	29	23	68	49	34	30.52	30.35	30.09	0.0
729	12/31/2016	72	61	50	62	54	38	100	82	64	30.08	29.91	29.79	0.0
730	1/1/2017	68	61	54	63	60	54	100	96	79	29.95	29.87	29.83	0.0
731	1/2/2017	72	64	55	68	55	48	100	76	44	29.95	29.87	29.72	0.0
732	1/3/2017	73	57	41	48	42	35	91	65	28	30.19	30.03	29.93	0.0
733	1/4/2017	44	40	35	36	31	28	94	70	57	30.24	30.13	29.98	0.0
734	1/5/2017	61	48	35	47	38	25	100	78	49	30.1	29.96	29.89	0.0
735	1/6/2017	34	28	22	24	19	13	75	66	58	30.55	30.27	30.08	0.0
736	1/7/2017	40	28	16	15	11	9	76	53	30	30.8	30.71	30.56	0.0
737	1/8/2017	49	34	19	32	20	9	90	61	22	30.76	30.65	30.5	0.0
738	1/9/2017	68	52	37	58	48	34	91	78	58	30.49	30.32	30.14	0.0
739	1/10/2017	77	68	60	65	61	58	99	80	53	30.14	30.06	29.99	0.0
740	1/11/2017	77	70	64	66	63	59	100	82	54	30.06	29.99	29.92	0.0
741	1/12/2017	79	72	65	67	64	58	95	77	49	30.21	30.1	29.99	0.0
742	1/13/2017	79	72	65	71	65	61	100	85	53	30.36	30.3	30.21	0.0
743	1/14/2017	66	59	52	66	57	52	100	95	75	30.41	30.34	30.27	0.0
744	1/15/2017	69	61	53	69	62	53	100	98	90	30.26	30.07	29.92	0.0
745	1/16/2017	70	64	57	70	63	57	100	100	93	30.07	29.99	29.94	0.01
746	1/17/2017	57	54	51	57	53	51	100	100	97	30.2	30.11	30.06	0.01
747	1/18/2017	52	50	49	53	51	49	100	100	100	30.12	30.06	29.99	0.02
748	1/19/2017	59	54	50	59	54	50	100	99	92	29.99	29.85	29.74	0.02
749	1/20/2017	72	64	56	59	57	52	100	85	52	29.84	29.75	29.68	0.03
750	1/21/2017	74	64	55	65	56	44	100	79	42	29.68	29.56	29.43	0.22
751	1/22/2017	63	57	50	48	40	33	68	50	40	29.95	29.7	29.54	0.05
752	1/23/2017	69	56	42	44	37	32	80	54	29	30.07	29.95	29.85	0.05
753	1/24/2017	79	62	46	65	56	44	100	77	52	29.84	29.75	29.66	0.09
754	1/25/2017	69	58	46	67	42	32	100	56	28	30.17	29.93	29.71	0.3
755	1/26/2017	57	47	37	32	27	20	77	52	25	30.36	30.27	30.17	0.02
756	1/27/2017	57	46	34	29	24	17	74	46	23	30.41	30.34	30.3	0.0
757	1/28/2017	59	50	41	35	29	20	77	49	23	30.4	30.32	30.25	0.0
758	1/29/2017	66	52	38	32	30	28	66	45	27	30.36	30.29	30.25	0.0
759	1/30/2017	76	60	43	34	30	25	64	38	15	30.27	30.19	30.12	0.0
760	1/31/2017	75	60	45	56	39	33	88	48	24	30.15	30.06	29.98	0.0
761	2/1/2017	78	67	56	66	60	56	100	81	50	30.06	29.99	29.93	0.0
762	2/2/2017	66	54	43	66	44	36	100	67	47	30.29	30.22	30.07	0.03
763	2/3/2017	51	46	42	42	38	36	85	70	57	30.44	30.36	30.28	0.0
764	2/4/2017	53	50	46	52	41	34	100	73	60	30.37	30.26	30.13	0.0
765	2/5/2017	75	63	51	66	60	52	100	91	67	30.16	30.07	30.0	0.07
766	2/6/2017	78	72	66	68	66	64	99	85	62	30.02	29.93	29.82	0.04
767	2/7/2017	83	71	59	67	54	41	97	60	22	29.86	29.8	29.75	0.0
768	2/8/2017	83	68	52	65	50	35	100	60	26	30.18	29.87	29.73	0.0
769	2/9/2017	66	53	40	38	34	29	71	51	29	30.39	30.29	30.19	0.0
770	2/10/2017	77	60	44	67	54	38	97	78	57	30.29	30.18	30.04	0.0
771	2/11/2017	85	76	68	68	66	63	98	78	47	30.09	30.02	29.96	0.0
772	2/12/2017	82	72	62	68	65	59	100	84	53	30.2	30.12	30.02	0.0
773	2/13/2017	77	70	62	64	60	54	99	76	55	30.2	30.08	29.94	0.0
774	2/14/2017	65	56	46	64	50	38	100	87	73	30.06	29.92	29.77	0.71
775	2/15/2017	62	52	41	39	36	31	88	60	32	30.18	30.13	30.06	0.0
776	2/16/2017	64	50	35	39	35	32	100	57	30	30.2	30.11	30.02	0.0
777	2/17/2017	69	59	49	59	51	39	100	78	59	30.01	29.9	29.8	0.0
778	2/18/2017	82	68	55	66	59	55	100	78	39	29.88	29.81	29.76	0.0
779	2/19/2017	79	72	66	70	67	65	100	86	64	29.94	29.89	29.85	0.0
780	2/20/2017	69	62	55	69	59	56	100	98	84	30.06	29.97	29.9	1.58
781	2/21/2017	74	64	55	59	52	46	100	71	36	30.0	29.95	29.92	0.0
782	2/22/2017	81	65	49	50	46	36	86	55	20	29.96	29.88	29.76	0.0
783	2/23/2017	83	68	52	61	55	47	100	66	40	29.77	29.69	29.6	0.0
784	2/24/2017	73	62	49	65	53	36	100	71	40	30.03	29.82	29.65	0.0
785	2/25/2017	62	51	40	36	30	24	65	47	25	30.24	30.13	30.04	0.0
786	2/26/2017	70	54	39	63	48	32	93	73	61	30.08	29.99	29.9	0.0
787	2/27/2017	83	74	64	70	66	63	100	82	51	30.01	29.95	29.89	0.0
788	2/28/2017	80	74	69	72	68	64	100	83	60	29.99	29.93	29.85	0.0
789	3/1/2017	71	60	50	70	48	28	100	58	28	30.28	30.09	29.89	0.0
790	3/2/2017	65	53	41	32	26	21	61	38	19	30.49	30.4	30.28	0.0
791	3/3/2017	70	54	38	37	31	25	71	42	20	30.57	30.49	30.44	0.0
792	3/4/2017	59	52	46	54	49	37	100	86	54	30.46	30.37	30.26	0.28
793	3/5/2017	71	62	53	68	62	53	100	99	82	30.26	30.13	30.05	0.16
794	3/6/2017	81	74	67	69	67	66	100	88	60	30.05	29.97	29.87	0.0
795	3/7/2017	74	65	56	72	53	34	100	69	30	30.3	30.14	29.97	0.02
796	3/8/2017	75	66	56	64	49	35	98	59	30	30.33	30.27	30.2	0.0
797	3/9/2017	77	70	64	69	66	64	100	92	67	30.22	30.15	30.07	0.01
798	3/10/2017	80	72	63	69	65	62	100	86	57	30.19	30.13	30.08	0.0
799	3/11/2017	73	64	55	67	63	56	100	95	65	30.18	30.11	30.05	0.22
800	3/12/2017	54	48	43	53	45	41	100	89	73	30.3	30.21	30.09	0.01
801	3/13/2017	63	53	43	51	47	40	100	82	55	30.24	30.14	30.07	0.0
802	3/14/2017	67	52	37	42	35	32	86	57	32	30.34	30.25	30.16	0.0
803	3/15/2017	71	58	44	52	47	41	98	71	42	30.38	30.29	30.23	0.0
804	3/16/2017	76	64	52	65	58	52	100	84	59	30.29	30.23	30.13	0.0
805	3/17/2017	80	73	66	65	63	60	97	79	53	30.22	30.17	30.13	0.0
806	3/18/2017	82	72	61	67	63	61	100	83	50	30.34	30.26	30.22	0.0
807	3/19/2017	81	72	63	67	64	60	100	79	48	30.31	30.24	30.17	0.0
808	3/20/2017	82	73	64	67	61	52	97	69	40	30.22	30.15	30.08	0.0
809	3/21/2017	83	72	62	65	60	55	100	72	40	30.16	30.09	30.02	0.0
810	3/22/2017	82	73	65	67	62	58	100	74	46	30.18	30.11	30.06	0.0
811	3/23/2017	83	72	62	67	59	44	100	70	27	30.14	30.08	29.98	0.0
812	3/24/2017	73	70	66	70	65	62	100	86	72	30.01	29.94	29.87	0.29
813	3/25/2017	74	64	55	68	53	45	100	67	40	30.09	29.99	29.92	0.0
814	3/26/2017	84	68	51	68	60	50	100	75	39	29.94	29.88	29.8	0.0
815	3/27/2017	80	72	66	70	67	65	100	86	63	29.94	29.87	29.83	0.2
816	3/28/2017	85	74	64	72	67	61	100	79	49	29.89	29.82	29.7	0.0
817	3/29/2017	80	70	60	68	62	49	100	78	35	29.86	29.79	29.68	0.56
818	3/30/2017	74	63	52	53	49	46	89	61	37	29.92	29.86	29.79	0.0
819	3/31/2017	83	68	54	59	51	41	100	58	25	29.87	29.82	29.78	0.0
820	4/1/2017	79	66	54	66	61	53	100	83	54	29.93	29.88	29.84	0.0
821	4/2/2017	74	67	60	66	64	58	100	91	69	29.9	29.75	29.64	0.5
822	4/3/2017	81	66	51	57	54	52	100	70	39	29.79	29.75	29.69	0.0
823	4/4/2017	85	72	59	66	59	55	100	67	37	29.77	29.72	29.64	0.0
824	4/5/2017	71	60	50	68	45	37	96	56	30	30.16	30.02	29.73	0.0
825	4/6/2017	75	60	45	48	41	33	91	54	23	30.3	30.22	30.16	0.0
826	4/7/2017	79	62	47	52	47	43	96	58	33	30.28	30.19	30.1	0.0
827	4/8/2017	80	66	52	59	55	50	100	66	47	30.12	30.03	29.93	0.0
828	4/9/2017	83	72	61	64	61	57	97	72	50	29.98	29.94	29.87	0.0
829	4/10/2017	80	74	69	72	68	64	93	85	69	30.08	30.01	29.95	0.0
830	4/11/2017	71	64	58	68	62	58	100	94	79	30.26	30.15	30.07	0.87
831	4/12/2017	79	66	55	67	62	55	100	90	63	30.26	30.19	30.13	0.0
832	4/13/2017	81	72	62	68	62	52	100	78	48	30.24	30.17	30.09	0.0
833	4/14/2017	81	68	55	68	61	55	100	81	52	30.16	30.1	30.03	0.0
834	4/15/2017	82	70	59	68	63	60	100	79	51	30.12	30.06	30.01	0.0
835	4/16/2017	84	76	67	70	67	64	100	80	53	30.1	30.04	29.99	0.0
836	4/17/2017	81	72	63	69	66	63	100	88	57	30.09	30.03	29.95	0.14
837	4/18/2017	77	70	64	70	66	64	100	94	67	30.06	30.03	29.99	0.17
838	4/19/2017	82	72	63	71	67	64	100	86	59	30.09	30.05	30.01	0.0
839	4/20/2017	84	75	66	70	67	64	100	79	51	30.09	30.02	29.96	0.0
840	4/21/2017	84	76	68	70	67	65	100	77	53	29.99	29.89	29.78	0.0
841	4/22/2017	71	63	54	71	58	46	100	83	61	30.14	29.99	29.83	0.0
842	4/23/2017	72	58	46	50	45	43	98	65	37	30.16	30.1	30.01	0.0
843	4/24/2017	78	60	44	54	49	44	100	65	36	30.02	29.9	29.74	0.0
844	4/25/2017	84	72	61	69	64	54	100	76	59	29.75	29.63	29.53	0.0
845	4/26/2017	89	74	57	72	64	48	97	69	31	29.83	29.59	29.47	0.0
846	4/27/2017	80	62	46	59	50	45	100	64	35	29.86	29.76	29.64	0.0
847	4/28/2017	90	79	68	72	70	60	100	75	52	29.68	29.64	29.59	0.0
848	4/29/2017	89	74	60	76	71	52	96	80	61	29.85	29.64	29.55	0.09
849	4/30/2017	72	62	52	55	46	38	100	63	29	29.98	29.9	29.76	0.12
850	5/1/2017	85	66	46	56	51	43	100	59	32	30.03	29.96	29.89	0.0
851	5/2/2017	88	71	55	63	56	46	100	60	32	30.04	29.96	29.88	0.0
852	5/3/2017	89	74	60	75	66	49	100	79	51	29.98	29.83	29.68	0.11
853	5/4/2017	73	63	53	49	44	38	80	53	30	30.1	30.02	29.92	0.0
854	5/5/2017	78	64	50	49	45	41	80	53	27	30.1	30.04	29.96	0.0
855	5/6/2017	83	66	49	52	48	45	100	55	29	30.06	29.99	29.91	0.0
856	5/7/2017	84	68	52	62	56	50	100	63	39	30.05	29.98	29.93	0.0
857	5/8/2017	84	70	57	63	60	56	100	71	47	30.06	30.01	29.97	0.0
858	5/9/2017	82	70	60	69	65	60	100	81	63	30.05	30.0	29.93	0.0
859	5/10/2017	85	75	66	70	67	65	100	79	57	29.99	29.96	29.92	0.0
860	5/11/2017	86	76	68	75	70	65	100	85	56	29.98	29.91	29.78	0.12
861	5/12/2017	82	72	61	69	59	54	100	70	43	29.94	29.89	29.85	0.02
862	5/13/2017	84	70	58	61	59	57	100	68	43	29.98	29.93	29.87	0.0
863	5/14/2017	88	74	59	68	62	58	100	70	41	30.0	29.94	29.88	0.0
864	5/15/2017	88	74	61	68	63	59	100	67	39	30.0	29.94	29.87	0.0
865	5/16/2017	88	76	64	68	65	62	100	71	47	29.93	29.86	29.77	0.0
866	5/17/2017	78	74	71	75	71	66	100	91	71	29.85	29.8	29.73	0.1
867	5/18/2017	91	82	75	76	72	66	100	78	50	29.87	29.81	29.74	0.0
868	5/19/2017	91	81	71	75	71	69	100	75	49	29.87	29.82	29.77	0.0
869	5/20/2017	81	74	67	75	71	67	100	85	68	30.0	29.91	29.8	0.24
870	5/21/2017	80	72	64	71	65	58	100	82	59	30.13	30.06	29.97	0.04
871	5/22/2017	72	66	61	68	65	61	100	95	79	30.09	29.99	29.91	3.44
872	5/23/2017	81	70	58	66	62	57	100	85	52	29.95	29.88	29.81	0.02
873	5/24/2017	81	67	53	58	52	46	100	65	28	29.94	29.83	29.74	0.0
874	5/25/2017	90	75	61	63	58	50	89	56	33	29.81	29.76	29.71	0.0
875	5/26/2017	90	80	72	75	72	64	93	77	58	29.9	29.85	29.79	0.0
876	5/27/2017	92	84	77	77	75	71	96	77	55	29.94	29.89	29.83	0.0
877	5/28/2017	91	80	68	78	74	66	100	84	57	30.03	29.9	29.81	0.1
878	5/29/2017	84	75	67	72	69	65	100	85	54	30.1	30.01	29.92	0.0
879	5/30/2017	87	76	66	74	68	66	100	79	53	30.09	30.04	30.0	0.0
880	5/31/2017	87	78	68	73	70	67	100	79	52	30.08	30.02	29.97	0.0
881	6/1/2017	86	76	67	74	70	68	100	87	57	30.06	29.99	29.92	0.06
882	6/2/2017	90	79	68	76	71	68	100	81	48	30.0	29.93	29.85	0.0
883	6/3/2017	88	78	69	77	72	69	100	90	56	29.98	29.91	29.86	0.41
884	6/4/2017	84	74	66	74	70	66	100	92	69	29.92	29.84	29.77	1.05
885	6/5/2017	82	75	68	75	71	68	100	89	68	29.81	29.77	29.71	0.01
886	6/6/2017	87	78	69	73	69	67	100	81	55	29.87	29.82	29.79	0.0
887	6/7/2017	90	79	68	70	67	62	100	70	39	29.96	29.91	29.87	0.0
888	6/8/2017	86	77	68	69	65	60	97	69	45	30.03	29.95	29.89	0.0
889	6/9/2017	84	76	68	72	66	63	97	75	55	29.96	29.91	29.87	0.0
890	6/10/2017	88	76	66	70	67	64	100	70	46	29.95	29.91	29.86	0.0
891	6/11/2017	91	80	68	73	70	66	100	74	48	29.99	29.94	29.88	0.0
892	6/12/2017	91	82	72	78	72	68	100	76	46	29.98	29.93	29.87	0.0
893	6/13/2017	91	82	73	80	74	70	100	79	51	29.97	29.92	29.87	0.09
894	6/14/2017	93	84	77	78	73	67	100	71	49	30.0	29.95	29.9	0.0
895	6/15/2017	93	84	75	77	74	71	100	76	52	30.02	29.96	29.88	0.0
896	6/16/2017	94	84	75	76	73	71	100	73	49	29.96	29.87	29.77	0.0
897	6/17/2017	93	84	75	77	74	72	100	76	53	29.84	29.78	29.73	0.0
898	6/18/2017	93	84	77	78	74	71	100	73	52	29.87	29.81	29.74	0.0
899	6/19/2017	89	80	72	79	73	70	100	81	53	30.03	29.94	29.88	0.0
900	6/20/2017	91	82	72	76	73	67	100	77	47	30.0	29.95	29.89	0.0
901	6/21/2017	88	80	72	75	70	67	100	75	50	29.94	29.81	29.7	0.0
902	6/22/2017	86	80	75	76	73	70	96	80	67	29.74	29.69	29.63	0.0
903	6/23/2017	95	86	77	79	76	72	100	75	49	29.93	29.82	29.74	0.0
904	6/24/2017	82	76	69	78	72	68	100	82	65	30.15	30.05	29.95	0.28
905	6/25/2017	88	79	72	78	74	70	100	90	60	30.2	30.14	30.09	0.91
906	6/26/2017	90	80	70	76	73	69	100	84	53	30.15	30.09	29.99	0.01
907	6/27/2017	87	80	71	78	73	71	100	87	61	30.06	30.01	29.95	0.03
908	6/28/2017	89	78	68	75	71	68	100	82	54	29.99	29.93	29.85	0.0
909	6/29/2017	94	81	69	76	73	70	100	79	51	29.92	29.88	29.83	0.0
910	6/30/2017	94	86	78	79	75	72	99	74	51	29.99	29.93	29.9	0.0
911	7/1/2017	94	84	76	80	74	68	100	72	46	30.13	30.06	29.99	0.0
912	7/2/2017	95	84	74	79	74	71	100	74	47	30.19	30.1	30.01	0.0
913	7/3/2017	95	85	76	78	74	70	100	72	45	30.11	30.03	29.95	0.0
914	7/4/2017	94	82	69	79	75	69	100	77	51	30.12	30.01	29.93	0.37
915	7/5/2017	94	84	74	78	73	65	100	72	39	30.13	30.05	29.98	0.0
916	7/6/2017	94	84	75	78	73	68	100	72	44	30.16	30.1	30.03	0.0
917	7/7/2017	95	84	73	78	72	66	100	72	40	30.16	30.09	30.02	0.0
918	7/8/2017	97	85	75	76	72	66	100	68	38	30.13	30.06	29.99	0.0
919	7/9/2017	96	84	71	76	71	67	100	74	38	30.1	30.04	29.96	0.0
920	7/10/2017	86	78	71	77	73	70	100	86	65	30.09	30.02	29.96	0.02
921	7/11/2017	95	84	74	77	73	68	100	73	42	30.05	29.99	29.93	0.0
922	7/12/2017	96	84	72	76	72	66	100	69	40	30.09	30.04	29.99	0.0
923	7/13/2017	97	84	72	77	72	68	100	69	39	30.16	30.1	30.03	0.0
924	7/14/2017	95	84	73	77	72	69	100	69	44	30.16	30.1	30.03	0.0
925	7/15/2017	96	84	71	77	74	70	100	83	45	30.11	30.06	29.96	0.08
926	7/16/2017	91	80	69	78	73	69	100	88	52	30.02	29.96	29.89	0.39
927	7/17/2017	92	82	72	78	74	70	100	80	51	29.99	29.95	29.9	0.0
928	7/18/2017	96	84	74	78	74	69	100	74	43	30.09	30.03	29.98	0.0
929	7/19/2017	97	84	72	78	73	67	100	70	39	30.17	30.11	30.05	0.0
930	7/20/2017	97	86	76	79	73	66	100	67	38	30.17	30.09	29.99	0.0
931	7/21/2017	97	84	73	79	72	67	100	68	40	30.08	30.01	29.92	0.0
932	7/22/2017	98	87	76	78	73	68	100	70	38	30.02	29.95	29.87	0.0
933	7/23/2017	100	86	76	79	73	67	100	68	39	29.97	29.92	29.85	0.0
934	7/24/2017	95	86	78	80	72	64	100	70	36	30.03	29.98	29.94	0.0
935	7/25/2017	98	87	76	77	72	67	100	65	36	30.13	30.08	30.02	0.0
936	7/26/2017	98	86	73	79	72	67	100	67	38	30.15	30.07	29.99	0.0
937	7/27/2017	99	86	74	78	72	67	100	65	36	30.1	30.02	29.93	0.0
938	7/28/2017	100	88	75	78	71	64	100	64	30	30.01	29.95	29.86	0.0
939	7/29/2017	100	88	77	78	71	61	100	63	28	29.95	29.91	29.84	0.0
940	7/30/2017	96	86	76	78	72	64	100	67	39	30.02	29.98	29.93	0.0
941	7/31/2017	93	80	68	66	63	61	90	58	35	30.09	30.03	29.97	0.0
942	8/1/2017	97	82	68	70	65	59	100	60	29	30.05	30.0	29.95	0.0
943	8/2/2017	88	80	73	76	73	70	100	84	62	30.05	30.02	29.99	0.04
944	8/3/2017	90	82	73	76	72	68	100	78	50	30.09	30.04	29.98	0.0
945	8/4/2017	96	83	70	75	71	67	100	69	38	30.08	30.02	29.95	0.0
946	8/5/2017	97	84	71	77	73	70	100	75	43	30.03	29.97	29.89	0.03
947	8/6/2017	99	88	77	79	75	68	100	74	38	29.93	29.88	29.81	0.0
948	8/7/2017	81	77	72	80	75	71	100	98	86	29.98	29.93	29.89	0.96
949	8/8/2017	87	80	73	78	74	72	100	88	60	30.02	29.98	29.94	0.12
950	8/9/2017	89	81	73	77	74	71	100	83	55	30.07	30.02	29.98	0.0
951	8/10/2017	96	85	74	79	74	68	100	74	41	30.13	30.07	30.02	0.0
952	8/11/2017	96	86	77	79	75	70	100	71	43	30.12	30.04	29.96	0.0
953	8/12/2017	97	87	77	79	74	70	100	70	41	30.03	29.97	29.88	0.0
954	8/13/2017	97	87	77	79	74	70	100	71	43	29.98	29.91	29.83	0.0
955	8/14/2017	97	88	78	79	73	67	100	67	38	29.93	29.87	29.8	0.0
956	8/15/2017	98	86	76	78	73	67	100	68	37	29.94	29.88	29.82	0.0
957	8/16/2017	100	88	76	79	74	69	100	69	38	30.0	29.94	29.9	0.0
958	8/17/2017	100	89	79	80	73	67	100	66	35	30.07	30.01	29.93	0.0
959	8/18/2017	99	88	76	79	71	64	100	64	33	30.09	30.01	29.94	0.0
960	8/19/2017	99	87	76	79	72	66	100	65	36	30.05	29.99	29.9	0.0
961	8/20/2017	98	87	76	78	71	64	100	64	34	30.06	30.0	29.95	0.0
962	8/21/2017	104	88	73	77	72	65	100	67	29	30.12	30.07	30.02	0.0
963	8/22/2017	105	88	71	76	70	62	100	62	26	30.11	30.04	29.96	0.0
964	8/23/2017	105	88	72	75	70	63	100	65	26	30.02	29.97	29.85	0.28
965	8/24/2017	97	86	74	79	76	71	100	80	43	29.95	29.9	29.82	0.06
966	8/25/2017	89	80	72	75	73	69	100	81	54	29.93	29.9	29.85	0.0
967	8/26/2017	74	74	72	76	73	72	100	100	95	29.9	29.87	29.83	4.3
968	8/27/2017	73	70	68	74	71	69	100	100	100	29.88	29.82	29.79	8.28
969	8/28/2017	75	72	68	72	69	68	100	94	80	29.87	29.83	29.77	1.47
970	8/29/2017	87	78	69	72	67	64	100	76	50	29.88	29.84	29.81	0.0
971	8/30/2017	91	79	68	67	65	62	90	64	43	29.91	29.85	29.8	0.0
972	8/31/2017	94	80	68	68	65	62	96	64	36	29.98	29.93	29.9	0.0
973	9/1/2017	97	82	67	70	67	64	100	68	36	30.06	30.01	29.98	0.0
974	9/2/2017	97	82	68	73	68	64	100	70	36	30.1	30.05	30.01	0.0
975	9/3/2017	95	82	69	73	69	66	100	72	38	30.14	30.08	30.03	0.0
976	9/4/2017	94	81	68	73	69	64	100	71	39	30.1	30.04	29.97	0.0
977	9/5/2017	99	84	69	76	71	67	100	73	38	30.07	30.0	29.92	0.0
978	9/6/2017	83	74	64	72	57	48	90	57	31	30.15	30.09	30.03	0.0
979	9/7/2017	81	68	55	57	52	48	82	57	34	30.19	30.13	30.09	0.0
980	9/8/2017	81	69	57	58	56	52	97	66	41	30.2	30.13	30.08	0.0
981	9/9/2017	83	70	59	60	58	56	98	67	40	30.2	30.13	30.08	0.0
982	9/10/2017	83	72	60	61	58	56	92	66	39	30.17	30.12	30.08	0.0
983	9/11/2017	82	71	60	59	56	52	88	62	37	30.12	30.05	29.96	0.0
984	9/12/2017	87	72	58	62	56	53	88	59	32	29.97	29.89	29.8	0.0
985	9/13/2017	89	75	61	65	61	57	99	65	35	29.88	29.83	29.78	0.0
986	9/14/2017	90	76	64	72	68	65	100	75	46	29.92	29.87	29.83	0.0
987	9/15/2017	89	77	66	73	69	66	100	77	49	29.97	29.92	29.88	0.0
988	9/16/2017	90	78	68	76	71	68	100	80	49	30.06	29.98	29.94	0.0
989	9/17/2017	89	78	67	75	69	65	100	79	46	30.1	30.03	29.98	0.0
990	9/18/2017	89	80	70	79	74	70	100	92	62	30.05	29.99	29.93	0.0
991	9/19/2017	92	82	71	79	74	71	100	79	51	29.99	29.93	29.84	0.0
992	9/20/2017	92	84	76	78	75	70	100	79	49	29.97	29.92	29.86	0.0
993	9/21/2017	91	82	72	79	75	71	100	85	53	30.0	29.96	29.92	0.0
994	9/22/2017	90	80	70	77	71	67	100	80	51	30.01	29.96	29.91	0.0
995	9/23/2017	89	78	67	76	70	68	100	81	49	29.98	29.93	29.87	0.0
996	9/24/2017	89	77	65	76	70	66	100	80	50	29.95	29.9	29.85	0.0
997	9/25/2017	90	78	66	76	70	67	100	80	48	29.93	29.88	29.8	0.0
998	9/26/2017	87	78	68	76	71	68	100	83	58	29.95	29.91	29.86	0.0
999	9/27/2017	90	81	72	76	72	65	100	78	45	30.0	29.95	29.91	0.0
1000	9/28/2017	88	80	72	75	73	70	100	89	60	30.03	29.99	29.95	0.0
1001	9/29/2017	87	78	70	73	68	60	100	76	52	30.11	30.06	30.02	0.0
1002	9/30/2017	86	74	63	61	57	51	90	60	30	30.15	30.09	30.01	0.0
1003	10/1/2017	88	74	60	65	62	59	100	71	42	30.06	29.97	29.9	0.0
1004	10/2/2017	89	76	64	75	69	65	100	82	53	30.0	29.95	29.92	0.0
1005	10/3/2017	90	82	73	79	75	72	100	94	59	30.21	30.09	29.99	0.0
1006	10/4/2017	87	79	71	76	70	64	100	80	46	30.25	30.19	30.13	0.0
1007	10/5/2017	87	76	64	70	66	62	100	76	43	30.18	30.1	30.02	0.0
1008	10/6/2017	86	74	61	68	64	61	100	75	43	30.05	29.95	29.84	0.0
1009	10/7/2017	88	74	60	68	65	60	100	74	44	29.84	29.78	29.73	0.0
1010	10/8/2017	89	78	66	71	68	66	100	76	47	29.78	29.73	29.67	0.0
1011	10/9/2017	91	82	72	77	72	69	100	77	49	29.92	29.8	29.73	0.0
1012	10/10/2017	76	69	60	75	55	49	100	65	45	30.19	30.11	29.92	0.0
1013	10/11/2017	79	66	53	53	49	45	81	58	33	30.23	30.16	30.1	0.0
1014	10/12/2017	87	72	58	69	60	53	93	67	44	30.14	30.08	30.01	0.0
1015	10/13/2017	89	79	69	75	70	66	100	79	50	30.14	30.08	30.03	0.0
1016	10/14/2017	89	78	68	74	71	68	100	79	50	30.12	30.05	29.97	0.0
1017	10/15/2017	79	70	62	75	62	43	100	75	43	30.29	30.14	30.02	0.0
1018	10/16/2017	76	64	52	45	43	39	69	49	26	30.38	30.29	30.22	0.0
1019	10/17/2017	77	60	45	45	42	40	85	56	28	30.33	30.25	30.16	0.0
1020	10/18/2017	81	61	42	54	46	41	100	64	28	30.21	30.16	30.11	0.0
1021	10/19/2017	84	68	52	62	58	52	100	73	41	30.18	30.13	30.07	0.0
1022	10/20/2017	86	74	63	72	67	60	100	85	52	30.13	30.03	29.94	0.0
1023	10/21/2017	89	78	69	75	72	70	100	83	55	29.97	29.93	29.87	0.0
1024	10/22/2017	76	66	57	76	61	45	100	79	42	30.18	30.09	29.95	0.0
1025	10/23/2017	78	62	47	55	48	40	100	67	26	30.18	30.14	30.07	0.0
1026	10/24/2017	75	63	52	54	37	26	88	43	18	30.36	30.28	30.16	0.0
1027	10/25/2017	76	60	45	44	35	30	65	44	19	30.31	30.2	30.03	0.0
1028	10/26/2017	81	68	55	56	45	39	66	45	27	30.02	29.9	29.78	0.0
1029	10/27/2017	64	52	41	61	39	28	100	55	35	30.18	30.02	29.83	0.0
1030	10/28/2017	60	47	34	31	24	18	77	48	20	30.24	30.18	30.13	0.0
1031	10/29/2017	71	52	32	32	28	23	89	44	18	30.17	30.06	29.96	0.0
1032	10/30/2017	77	61	45	56	44	31	92	56	34	30.05	29.98	29.93	0.0
1033	10/31/2017	64	58	53	59	52	43	100	82	59	30.14	30.06	29.97	0.0
1034	11/1/2017	74	64	54	71	62	54	100	95	71	29.96	29.89	29.81	0.0
1035	11/2/2017	83	76	69	75	72	69	100	89	65	30.03	29.96	29.9	0.0
1036	11/3/2017	86	79	72	76	72	68	100	84	55	30.11	30.05	30.01	0.0
1037	11/4/2017	84	78	71	74	71	67	100	84	58	30.08	30.01	29.94	0.0
1038	11/5/2017	84	78	71	73	70	67	100	84	59	30.01	29.96	29.9	0.0
1039	11/6/2017	85	78	70	73	69	64	100	79	48	30.05	30.0	29.96	0.0
1040	11/7/2017	82	70	57	73	63	46	100	80	55	30.17	30.08	30.02	0.0
1041	11/8/2017	57	52	47	50	47	44	100	88	63	30.26	30.21	30.18	0.0
1042	11/9/2017	53	50	46	50	49	47	100	96	83	30.31	30.27	30.23	0.0
1043	11/10/2017	65	54	43	51	47	43	100	77	46	30.32	30.25	30.2	0.0
1044	11/11/2017	75	66	56	62	54	47	96	72	53	30.21	30.16	30.1	0.0
1045	11/12/2017	77	68	58	62	58	53	100	74	51	30.29	30.22	30.13	0.0
1046	11/13/2017	75	66	57	63	61	57	100	84	61	30.34	30.27	30.22	0.0
1047	11/14/2017	77	68	59	64	60	59	100	81	54	30.24	30.13	30.02	0.0
1048	11/15/2017	73	66	60	67	64	60	100	90	70	30.09	30.04	30.0	0.0
1049	11/16/2017	77	71	65	72	68	66	100	96	69	30.13	30.07	30.02	0.0
1050	11/17/2017	81	74	68	70	68	65	100	84	59	30.05	29.96	29.85	0.0
1051	11/18/2017	81	66	51	70	56	36	100	66	34	30.29	29.97	29.81	0.0
1052	11/19/2017	63	52	41	38	34	28	81	55	28	30.4	30.3	30.24	0.0
1053	11/20/2017	66	52	37	50	40	32	97	65	32	30.25	30.15	30.0	0.0
1054	11/21/2017	71	60	48	60	55	48	100	87	59	30.14	29.96	29.88	0.0
1055	11/22/2017	61	52	42	57	38	29	100	59	37	30.34	30.26	30.15	0.0
1056	11/23/2017	64	49	34	36	31	25	84	54	26	30.26	30.17	30.08	0.0
1057	11/24/2017	72	54	36	46	38	34	95	57	28	30.08	29.98	29.88	0.0
1058	11/25/2017	76	60	45	59	53	44	100	78	48	30.18	30.01	29.91	0.0
1059	11/26/2017	73	62	48	55	51	46	100	77	44	30.31	30.23	30.18	0.0
1060	11/27/2017	72	58	43	49	45	39	97	64	38	30.23	30.15	30.07	0.0
1061	11/28/2017	77	62	47	60	52	47	100	77	40	30.18	30.07	30.02	0.0
1062	11/29/2017	69	58	47	58	45	36	100	66	31	30.27	30.2	30.16	0.0
1063	11/30/2017	72	56	41	43	39	35	90	57	27	30.28	30.21	30.16	0.0
1064	12/1/2017	72	58	43	51	48	43	100	73	43	30.25	30.18	30.1	0.0
1065	12/2/2017	75	60	45	57	53	46	100	77	48	30.2	30.14	30.09	0.0
1066	12/3/2017	74	62	51	68	61	51	100	96	71	30.17	30.08	29.97	0.0
1067	12/4/2017	80	72	64	71	68	64	100	91	62	30.01	29.95	29.87	0.0
1068	12/5/2017	70	58	45	71	46	31	100	69	42	30.35	30.17	29.98	0.0
1069	12/6/2017	43	40	38	42	40	39	100	98	90	30.41	30.35	30.28	0.0
1070	12/7/2017	46	38	31	41	34	21	100	83	49	30.39	30.34	30.3	0.0
1071	12/8/2017	47	39	31	31	24	17	98	64	31	30.36	30.25	30.15	0.0
1072	12/9/2017	61	46	31	33	30	27	100	62	27	30.39	30.27	30.19	0.0
1073	12/10/2017	65	48	31	34	30	26	93	53	27	30.47	30.4	30.34	0.0
1074	12/11/2017	72	56	39	44	34	31	73	49	25	30.34	30.26	30.17	0.0
1075	12/12/2017	59	47	35	34	28	22	82	46	24	30.4	30.3	30.19	0.0
1076	12/13/2017	58	44	29	36	32	28	96	63	39	30.24	30.1	29.97	0.0
1077	12/14/2017	61	54	46	39	36	30	71	55	40	30.19	30.01	29.93	0.0
1078	12/15/2017	56	46	37	34	31	28	83	54	36	30.35	30.27	30.19	0.0
1079	12/16/2017	52	44	37	48	39	32	100	84	52	30.26	30.15	30.02	0.0
1080	12/17/2017	50	45	40	50	46	40	100	100	100	30.16	30.1	30.05	0.0
1081	12/18/2017	61	56	50	61	55	50	100	98	88	30.23	30.17	30.13	0.0
1082	12/19/2017	74	66	59	73	67	60	100	98	86	30.15	30.04	29.93	0.0
1083	12/20/2017	69	58	47	64	53	48	100	82	50	30.07	30.0	29.96	0.0
1084	12/21/2017	75	60	44	72	59	44	100	90	65	29.98	29.91	29.87	0.0
1085	12/22/2017	74	56	39	73	58	37	100	99	89	30.2	29.98	29.88	0.0
1086	12/23/2017	52	43	34	38	34	31	100	76	51	30.32	30.23	30.18	0.0
1087	12/24/2017	57	46	34	41	37	32	100	79	48	30.47	30.27	30.12	0.0
1088	12/25/2017	51	40	30	41	32	27	96	70	43	30.47	30.36	30.23	0.0
1089	12/26/2017	48	44	40	46	43	40	100	99	75	30.35	30.25	30.21	0.0
1090	12/27/2017	41	39	37	39	34	30	100	82	66	30.51	30.44	30.36	0.0
1091	12/28/2017	42	40	38	34	31	28	81	70	65	30.46	30.41	30.37	0.0
1092	12/29/2017	49	44	39	42	35	31	76	70	61	30.42	30.33	30.21	0.0
1093	12/30/2017	56	50	44	55	48	41	100	95	73	30.22	30.18	30.13	0.0
1094	12/31/2017	44	36	29	45	37	22	100	98	74	30.62	30.37	30.19	0.0
